pack,constraint_id,vendor,tested_version,url_kind,url_version_token,verdict,source_url
milvus_001,milvus_behavioral_entities_delete_001,milvus,2.3,implementation-source,2.6.17,MISMATCH,https://github.com/milvus-io/milvus/blob/v2.6.17/internal/distributed/proxy/httpserver/constant.go
milvus_001,milvus_behavioral_entities_get_001,milvus,2.3,vendor-documentation,2.6,MISMATCH,https://milvus.io/api-reference/restful/v2.6.x/v2/Vector%20(v2)/Get.md
milvus_001,milvus_behavioral_entities_search_001,milvus,2.3,vendor-documentation,2.6,MISMATCH,https://milvus.io/api-reference/restful/v2.6.x/v2/Vector%20(v2)/Search.md
milvus_001,milvus_range_entities_search_001,milvus,2.3,vendor-documentation,2.6,MISMATCH,https://milvus.io/api-reference/restful/v2.6.x/v2/Vector%20(v2)/Search.md
milvus_001,milvus_range_entities_search_002,milvus,2.3,vendor-documentation,2.6,MISMATCH,https://milvus.io/api-reference/restful/v2.6.x/v2/Vector%20(v2)/Search.md
milvus_001,milvus_state_entities_delete_001,milvus,2.3,implementation-source,2.6.17,MISMATCH,https://github.com/milvus-io/milvus/blob/v2.6.17/internal/distributed/proxy/httpserver/constant.go
milvus_001,milvus_state_entities_search_001,milvus,2.3,vendor-documentation,2.6,MISMATCH,https://milvus.io/api-reference/restful/v2.6.x/v2/Vector%20(v2)/Search.md
milvus_001,milvus_type_entities_delete_001,milvus,2.3,implementation-source,2.6.17,MISMATCH,https://github.com/milvus-io/milvus/blob/v2.6.17/internal/distributed/proxy/httpserver/constant.go
milvus_001,milvus_type_entities_get_001,milvus,2.3,vendor-documentation,2.6,MISMATCH,https://milvus.io/api-reference/restful/v2.6.x/v2/Vector%20(v2)/Get.md
milvus_001,milvus_type_entities_search_001,milvus,2.3,vendor-documentation,2.6,MISMATCH,https://milvus.io/api-reference/restful/v2.6.x/v2/Vector%20(v2)/Search.md
milvus_013,milvus_type_request_timeout_001,milvus,2.6.16,vendor-documentation,2.3,MISMATCH,https://milvus.io/api-reference/restful/v2.3.x/v2/Vector%20(v2)/Query.md
milvus_034,milvus_behavioral_collections_create_001,milvus,3.0.0,vendor-documentation,2.6,MISMATCH,https://milvus.io/api-reference/restful/v2.6.x/v2/Collection%20(v2)/Create.md
milvus_034,milvus_range_entities_insert_001,milvus,3.0.0,implementation-source,2.6.17,MISMATCH,https://github.com/milvus-io/milvus/blob/v2.6.17/internal/distributed/proxy/httpserver/constant.go
milvus_034,milvus_range_entities_search_001,milvus,3.0.0,vendor-documentation,2.6,MISMATCH,https://milvus.io/api-reference/restful/v2.6.x/v2/Vector%20(v2)/Search.md
milvus_034,milvus_state_collections_create_001,milvus,3.0.0,vendor-documentation,2.6,MISMATCH,https://milvus.io/api-reference/restful/v2.6.x/v2/Collection%20(v2)/Create.md
milvus_034,milvus_state_collections_drop_001,milvus,3.0.0,vendor-documentation,2.6,MISMATCH,https://milvus.io/api-reference/restful/v2.6.x/v2/Collection%20(v2)/Drop.md
milvus_034,milvus_state_entities_insert_001,milvus,3.0.0,implementation-source,2.6.17,MISMATCH,https://github.com/milvus-io/milvus/blob/v2.6.17/internal/distributed/proxy/httpserver/constant.go
milvus_034,milvus_type_collections_create_001,milvus,3.0.0,vendor-documentation,2.6,MISMATCH,https://milvus.io/api-reference/restful/v2.6.x/v2/Collection%20(v2)/Create.md
milvus_034,milvus_type_collections_drop_001,milvus,3.0.0,vendor-documentation,2.6,MISMATCH,https://milvus.io/api-reference/restful/v2.6.x/v2/Collection%20(v2)/Drop.md
milvus_034,milvus_type_collections_load_001,milvus,3.0.0,vendor-documentation,2.6,MISMATCH,https://milvus.io/api-reference/restful/v2.6.x/v2/Collection%20(v2)/Load.md
milvus_034,milvus_type_collections_rename_001,milvus,3.0.0,vendor-documentation,2.6,MISMATCH,https://milvus.io/api-reference/restful/v2.6.x/v2/Collection%20(v2)/Rename.md
milvus_034,milvus_type_entities_insert_001,milvus,3.0.0,implementation-source,2.6.17,MISMATCH,https://github.com/milvus-io/milvus/blob/v2.6.17/internal/distributed/proxy/httpserver/constant.go
milvus_034,milvus_type_entities_search_001,milvus,3.0.0,vendor-documentation,2.6,MISMATCH,https://milvus.io/api-reference/restful/v2.6.x/v2/Vector%20(v2)/Search.md
milvus_034,milvus_type_entities_upsert_001,milvus,3.0.0,implementation-source,2.6.17,MISMATCH,https://github.com/milvus-io/milvus/blob/v2.6.17/internal/distributed/proxy/httpserver/constant.go
milvus_035,milvus_behavioral_collections_create_001,milvus,3.0.0,vendor-documentation,2.6,MISMATCH,https://milvus.io/api-reference/restful/v2.6.x/v2/Collection%20(v2)/Create.md
milvus_035,milvus_range_entities_insert_001,milvus,3.0.0,implementation-source,2.6.17,MISMATCH,https://github.com/milvus-io/milvus/blob/v2.6.17/internal/distributed/proxy/httpserver/constant.go
milvus_035,milvus_range_entities_search_001,milvus,3.0.0,vendor-documentation,2.6,MISMATCH,https://milvus.io/api-reference/restful/v2.6.x/v2/Vector%20(v2)/Search.md
milvus_035,milvus_state_collections_create_001,milvus,3.0.0,vendor-documentation,2.6,MISMATCH,https://milvus.io/api-reference/restful/v2.6.x/v2/Collection%20(v2)/Create.md
milvus_035,milvus_state_collections_drop_001,milvus,3.0.0,vendor-documentation,2.6,MISMATCH,https://milvus.io/api-reference/restful/v2.6.x/v2/Collection%20(v2)/Drop.md
milvus_035,milvus_state_entities_insert_001,milvus,3.0.0,implementation-source,2.6.17,MISMATCH,https://github.com/milvus-io/milvus/blob/v2.6.17/internal/distributed/proxy/httpserver/constant.go
milvus_035,milvus_type_collections_create_001,milvus,3.0.0,vendor-documentation,2.6,MISMATCH,https://milvus.io/api-reference/restful/v2.6.x/v2/Collection%20(v2)/Create.md
milvus_035,milvus_type_collections_drop_001,milvus,3.0.0,vendor-documentation,2.6,MISMATCH,https://milvus.io/api-reference/restful/v2.6.x/v2/Collection%20(v2)/Drop.md
milvus_035,milvus_type_collections_load_001,milvus,3.0.0,vendor-documentation,2.6,MISMATCH,https://milvus.io/api-reference/restful/v2.6.x/v2/Collection%20(v2)/Load.md
milvus_035,milvus_type_collections_rename_001,milvus,3.0.0,vendor-documentation,2.6,MISMATCH,https://milvus.io/api-reference/restful/v2.6.x/v2/Collection%20(v2)/Rename.md
milvus_035,milvus_type_entities_insert_001,milvus,3.0.0,implementation-source,2.6.17,MISMATCH,https://github.com/milvus-io/milvus/blob/v2.6.17/internal/distributed/proxy/httpserver/constant.go
milvus_035,milvus_type_entities_search_001,milvus,3.0.0,vendor-documentation,2.6,MISMATCH,https://milvus.io/api-reference/restful/v2.6.x/v2/Vector%20(v2)/Search.md
milvus_035,milvus_type_entities_upsert_001,milvus,3.0.0,implementation-source,2.6.17,MISMATCH,https://github.com/milvus-io/milvus/blob/v2.6.17/internal/distributed/proxy/httpserver/constant.go
milvus_036,milvus_behavioral_collections_create_001,milvus,3.0.0,vendor-documentation,2.6,MISMATCH,https://milvus.io/api-reference/restful/v2.6.x/v2/Collection%20(v2)/Create.md
milvus_036,milvus_behavioral_collections_create_002,milvus,3.0.0,vendor-documentation,2.6,MISMATCH,https://milvus.io/api-reference/restful/v2.6.x/v2/Collection%20(v2)/Create.md
milvus_036,milvus_behavioral_collections_drop_001,milvus,3.0.0,vendor-documentation,2.6,MISMATCH,https://milvus.io/api-reference/restful/v2.6.x/v2/Collection%20(v2)/Drop.md
milvus_036,milvus_behavioral_collections_get_stats_001,milvus,3.0.0,implementation-source,2.6.17,MISMATCH,https://github.com/milvus-io/milvus/blob/v2.6.17/internal/distributed/proxy/httpserver/constant.go
milvus_036,milvus_behavioral_collections_has_001,milvus,3.0.0,implementation-source,2.6.17,MISMATCH,https://github.com/milvus-io/milvus/blob/v2.6.17/internal/distributed/proxy/httpserver/constant.go
milvus_036,milvus_behavioral_collections_load_001,milvus,3.0.0,vendor-documentation,2.6,MISMATCH,https://milvus.io/api-reference/restful/v2.6.x/v2/Collection%20(v2)/Load.md
milvus_036,milvus_behavioral_entities_delete_001,milvus,3.0.0,implementation-source,2.6.17,MISMATCH,https://github.com/milvus-io/milvus/blob/v2.6.17/internal/distributed/proxy/httpserver/constant.go
milvus_036,milvus_behavioral_entities_get_001,milvus,3.0.0,vendor-documentation,2.6,MISMATCH,https://milvus.io/api-reference/restful/v2.6.x/v2/Vector%20(v2)/Get.md
milvus_036,milvus_behavioral_entities_insert_001,milvus,3.0.0,implementation-source,2.6.17,MISMATCH,https://github.com/milvus-io/milvus/blob/v2.6.17/internal/distributed/proxy/httpserver/constant.go
milvus_036,milvus_behavioral_entities_insert_002,milvus,3.0.0,implementation-source,2.6.17,MISMATCH,https://github.com/milvus-io/milvus/blob/v2.6.17/internal/distributed/proxy/httpserver/constant.go
milvus_036,milvus_behavioral_entities_search_001,milvus,3.0.0,vendor-documentation,2.6,MISMATCH,https://milvus.io/api-reference/restful/v2.6.x/v2/Vector%20(v2)/Search.md
milvus_036,milvus_behavioral_hybrid_search_001,milvus,3.0.0,implementation-source,2.6.17,MISMATCH,https://github.com/milvus-io/milvus/blob/v2.6.17/internal/distributed/proxy/httpserver/constant.go
milvus_036,milvus_behavioral_indexes_create_001,milvus,3.0.0,implementation-source,2.6.17,MISMATCH,https://github.com/milvus-io/milvus/blob/v2.6.17/internal/distributed/proxy/httpserver/constant.go
milvus_036,milvus_behavioral_users_create_001,milvus,3.0.0,implementation-source,2.6.17,MISMATCH,https://github.com/milvus-io/milvus/blob/v2.6.17/internal/distributed/proxy/httpserver/constant.go
milvus_037,milvus_behavioral_collections_create_001,milvus,3.0.0,vendor-documentation,2.6,MISMATCH,https://milvus.io/api-reference/restful/v2.6.x/v2/Collection%20(v2)/Create.md
milvus_037,milvus_range_entities_insert_001,milvus,3.0.0,implementation-source,2.6.17,MISMATCH,https://github.com/milvus-io/milvus/blob/v2.6.17/internal/distributed/proxy/httpserver/constant.go
milvus_037,milvus_range_entities_search_001,milvus,3.0.0,vendor-documentation,2.6,MISMATCH,https://milvus.io/api-reference/restful/v2.6.x/v2/Vector%20(v2)/Search.md
milvus_037,milvus_state_collections_create_001,milvus,3.0.0,vendor-documentation,2.6,MISMATCH,https://milvus.io/api-reference/restful/v2.6.x/v2/Collection%20(v2)/Create.md
milvus_037,milvus_state_collections_drop_001,milvus,3.0.0,vendor-documentation,2.6,MISMATCH,https://milvus.io/api-reference/restful/v2.6.x/v2/Collection%20(v2)/Drop.md
milvus_037,milvus_state_databases_drop_001,milvus,3.0.0,implementation-source,2.6.17,MISMATCH,https://github.com/milvus-io/milvus/blob/v2.6.17/internal/distributed/proxy/httpserver/constant.go
milvus_037,milvus_type_collections_create_001,milvus,3.0.0,vendor-documentation,2.6,MISMATCH,https://milvus.io/api-reference/restful/v2.6.x/v2/Collection%20(v2)/Create.md
milvus_037,milvus_type_collections_drop_001,milvus,3.0.0,vendor-documentation,2.6,MISMATCH,https://milvus.io/api-reference/restful/v2.6.x/v2/Collection%20(v2)/Drop.md
milvus_037,milvus_type_collections_load_001,milvus,3.0.0,vendor-documentation,2.6,MISMATCH,https://milvus.io/api-reference/restful/v2.6.x/v2/Collection%20(v2)/Load.md
milvus_037,milvus_type_collections_rename_001,milvus,3.0.0,vendor-documentation,2.6,MISMATCH,https://milvus.io/api-reference/restful/v2.6.x/v2/Collection%20(v2)/Rename.md
milvus_037,milvus_type_entities_insert_001,milvus,3.0.0,implementation-source,2.6.17,MISMATCH,https://github.com/milvus-io/milvus/blob/v2.6.17/internal/distributed/proxy/httpserver/constant.go
milvus_037,milvus_type_entities_search_001,milvus,3.0.0,vendor-documentation,2.6,MISMATCH,https://milvus.io/api-reference/restful/v2.6.x/v2/Vector%20(v2)/Search.md
milvus_037,milvus_type_entities_upsert_001,milvus,3.0.0,implementation-source,2.6.17,MISMATCH,https://github.com/milvus-io/milvus/blob/v2.6.17/internal/distributed/proxy/httpserver/constant.go
milvus_038,milvus_behavioral_collections_create_001,milvus,3.0.0,vendor-documentation,2.6,MISMATCH,https://milvus.io/api-reference/restful/v2.6.x/v2/Collection%20(v2)/Create.md
milvus_038,milvus_range_entities_insert_001,milvus,3.0.0,implementation-source,2.6.17,MISMATCH,https://github.com/milvus-io/milvus/blob/v2.6.17/internal/distributed/proxy/httpserver/constant.go
milvus_038,milvus_range_entities_search_001,milvus,3.0.0,vendor-documentation,2.6,MISMATCH,https://milvus.io/api-reference/restful/v2.6.x/v2/Vector%20(v2)/Search.md
milvus_038,milvus_state_collections_create_001,milvus,3.0.0,vendor-documentation,2.6,MISMATCH,https://milvus.io/api-reference/restful/v2.6.x/v2/Collection%20(v2)/Create.md
milvus_038,milvus_state_collections_drop_001,milvus,3.0.0,vendor-documentation,2.6,MISMATCH,https://milvus.io/api-reference/restful/v2.6.x/v2/Collection%20(v2)/Drop.md
milvus_038,milvus_state_databases_drop_001,milvus,3.0.0,implementation-source,2.6.17,MISMATCH,https://github.com/milvus-io/milvus/blob/v2.6.17/internal/distributed/proxy/httpserver/constant.go
milvus_038,milvus_type_collections_create_001,milvus,3.0.0,vendor-documentation,2.6,MISMATCH,https://milvus.io/api-reference/restful/v2.6.x/v2/Collection%20(v2)/Create.md
milvus_038,milvus_type_collections_drop_001,milvus,3.0.0,vendor-documentation,2.6,MISMATCH,https://milvus.io/api-reference/restful/v2.6.x/v2/Collection%20(v2)/Drop.md
milvus_038,milvus_type_collections_load_001,milvus,3.0.0,vendor-documentation,2.6,MISMATCH,https://milvus.io/api-reference/restful/v2.6.x/v2/Collection%20(v2)/Load.md
milvus_038,milvus_type_collections_rename_001,milvus,3.0.0,vendor-documentation,2.6,MISMATCH,https://milvus.io/api-reference/restful/v2.6.x/v2/Collection%20(v2)/Rename.md
milvus_038,milvus_type_entities_insert_001,milvus,3.0.0,implementation-source,2.6.17,MISMATCH,https://github.com/milvus-io/milvus/blob/v2.6.17/internal/distributed/proxy/httpserver/constant.go
milvus_038,milvus_type_entities_search_001,milvus,3.0.0,vendor-documentation,2.6,MISMATCH,https://milvus.io/api-reference/restful/v2.6.x/v2/Vector%20(v2)/Search.md
milvus_038,milvus_type_entities_upsert_001,milvus,3.0.0,implementation-source,2.6.17,MISMATCH,https://github.com/milvus-io/milvus/blob/v2.6.17/internal/distributed/proxy/httpserver/constant.go
milvus_039,milvus_behavioral_collections_create_001,milvus,3.0.0,vendor-documentation,2.6,MISMATCH,https://milvus.io/api-reference/restful/v2.6.x/v2/Collection%20(v2)/Create.md
milvus_039,milvus_range_entities_insert_001,milvus,3.0.0,implementation-source,2.6.17,MISMATCH,https://github.com/milvus-io/milvus/blob/v2.6.17/internal/distributed/proxy/httpserver/constant.go
milvus_039,milvus_range_entities_search_001,milvus,3.0.0,vendor-documentation,2.6,MISMATCH,https://milvus.io/api-reference/restful/v2.6.x/v2/Vector%20(v2)/Search.md
milvus_039,milvus_state_collections_create_001,milvus,3.0.0,vendor-documentation,2.6,MISMATCH,https://milvus.io/api-reference/restful/v2.6.x/v2/Collection%20(v2)/Create.md
milvus_039,milvus_state_collections_drop_001,milvus,3.0.0,vendor-documentation,2.6,MISMATCH,https://milvus.io/api-reference/restful/v2.6.x/v2/Collection%20(v2)/Drop.md
milvus_039,milvus_state_databases_drop_001,milvus,3.0.0,implementation-source,2.6.17,MISMATCH,https://github.com/milvus-io/milvus/blob/v2.6.17/internal/distributed/proxy/httpserver/constant.go
milvus_039,milvus_type_collections_create_001,milvus,3.0.0,vendor-documentation,2.6,MISMATCH,https://milvus.io/api-reference/restful/v2.6.x/v2/Collection%20(v2)/Create.md
milvus_039,milvus_type_collections_drop_001,milvus,3.0.0,vendor-documentation,2.6,MISMATCH,https://milvus.io/api-reference/restful/v2.6.x/v2/Collection%20(v2)/Drop.md
milvus_039,milvus_type_collections_load_001,milvus,3.0.0,vendor-documentation,2.6,MISMATCH,https://milvus.io/api-reference/restful/v2.6.x/v2/Collection%20(v2)/Load.md
milvus_039,milvus_type_collections_rename_001,milvus,3.0.0,vendor-documentation,2.6,MISMATCH,https://milvus.io/api-reference/restful/v2.6.x/v2/Collection%20(v2)/Rename.md
milvus_039,milvus_type_entities_insert_001,milvus,3.0.0,implementation-source,2.6.17,MISMATCH,https://github.com/milvus-io/milvus/blob/v2.6.17/internal/distributed/proxy/httpserver/constant.go
milvus_039,milvus_type_entities_search_001,milvus,3.0.0,vendor-documentation,2.6,MISMATCH,https://milvus.io/api-reference/restful/v2.6.x/v2/Vector%20(v2)/Search.md
milvus_039,milvus_type_entities_upsert_001,milvus,3.0.0,implementation-source,2.6.17,MISMATCH,https://github.com/milvus-io/milvus/blob/v2.6.17/internal/distributed/proxy/httpserver/constant.go
milvus_040,milvus_behavioral_collections_create_001,milvus,3.0.0,vendor-documentation,2.6,MISMATCH,https://milvus.io/api-reference/restful/v2.6.x/v2/Collection%20(v2)/Create.md
milvus_040,milvus_range_entities_insert_001,milvus,3.0.0,implementation-source,2.6.17,MISMATCH,https://github.com/milvus-io/milvus/blob/v2.6.17/internal/distributed/proxy/httpserver/constant.go
milvus_040,milvus_range_entities_search_001,milvus,3.0.0,vendor-documentation,2.6,MISMATCH,https://milvus.io/api-reference/restful/v2.6.x/v2/Vector%20(v2)/Search.md
milvus_040,milvus_state_collections_create_001,milvus,3.0.0,vendor-documentation,2.6,MISMATCH,https://milvus.io/api-reference/restful/v2.6.x/v2/Collection%20(v2)/Create.md
milvus_040,milvus_state_collections_drop_001,milvus,3.0.0,vendor-documentation,2.6,MISMATCH,https://milvus.io/api-reference/restful/v2.6.x/v2/Collection%20(v2)/Drop.md
milvus_040,milvus_state_entities_insert_001,milvus,3.0.0,implementation-source,2.6.17,MISMATCH,https://github.com/milvus-io/milvus/blob/v2.6.17/internal/distributed/proxy/httpserver/constant.go
milvus_040,milvus_type_collections_create_001,milvus,3.0.0,vendor-documentation,2.6,MISMATCH,https://milvus.io/api-reference/restful/v2.6.x/v2/Collection%20(v2)/Create.md
milvus_040,milvus_type_collections_drop_001,milvus,3.0.0,vendor-documentation,2.6,MISMATCH,https://milvus.io/api-reference/restful/v2.6.x/v2/Collection%20(v2)/Drop.md
milvus_040,milvus_type_collections_load_001,milvus,3.0.0,vendor-documentation,2.6,MISMATCH,https://milvus.io/api-reference/restful/v2.6.x/v2/Collection%20(v2)/Load.md
milvus_040,milvus_type_collections_rename_001,milvus,3.0.0,vendor-documentation,2.6,MISMATCH,https://milvus.io/api-reference/restful/v2.6.x/v2/Collection%20(v2)/Rename.md
milvus_040,milvus_type_entities_insert_001,milvus,3.0.0,implementation-source,2.6.17,MISMATCH,https://github.com/milvus-io/milvus/blob/v2.6.17/internal/distributed/proxy/httpserver/constant.go
milvus_040,milvus_type_entities_search_001,milvus,3.0.0,vendor-documentation,2.6,MISMATCH,https://milvus.io/api-reference/restful/v2.6.x/v2/Vector%20(v2)/Search.md
milvus_040,milvus_type_entities_upsert_001,milvus,3.0.0,implementation-source,2.6.17,MISMATCH,https://github.com/milvus-io/milvus/blob/v2.6.17/internal/distributed/proxy/httpserver/constant.go
milvus_041,milvus_behavioral_collections_create_001,milvus,3.0.0,vendor-documentation,2.6,MISMATCH,https://milvus.io/api-reference/restful/v2.6.x/v2/Collection%20(v2)/Create.md
milvus_041,milvus_range_entities_insert_001,milvus,3.0.0,implementation-source,2.6.17,MISMATCH,https://github.com/milvus-io/milvus/blob/v2.6.17/internal/distributed/proxy/httpserver/constant.go
milvus_041,milvus_range_entities_search_001,milvus,3.0.0,vendor-documentation,2.6,MISMATCH,https://milvus.io/api-reference/restful/v2.6.x/v2/Vector%20(v2)/Search.md
milvus_041,milvus_state_collections_create_001,milvus,3.0.0,vendor-documentation,2.6,MISMATCH,https://milvus.io/api-reference/restful/v2.6.x/v2/Collection%20(v2)/Create.md
milvus_041,milvus_state_collections_drop_001,milvus,3.0.0,vendor-documentation,2.6,MISMATCH,https://milvus.io/api-reference/restful/v2.6.x/v2/Collection%20(v2)/Drop.md
milvus_041,milvus_state_databases_drop_001,milvus,3.0.0,implementation-source,2.6.17,MISMATCH,https://github.com/milvus-io/milvus/blob/v2.6.17/internal/distributed/proxy/httpserver/constant.go
milvus_041,milvus_type_collections_create_001,milvus,3.0.0,vendor-documentation,2.6,MISMATCH,https://milvus.io/api-reference/restful/v2.6.x/v2/Collection%20(v2)/Create.md
milvus_041,milvus_type_collections_drop_001,milvus,3.0.0,vendor-documentation,2.6,MISMATCH,https://milvus.io/api-reference/restful/v2.6.x/v2/Collection%20(v2)/Drop.md
milvus_041,milvus_type_collections_load_001,milvus,3.0.0,vendor-documentation,2.6,MISMATCH,https://milvus.io/api-reference/restful/v2.6.x/v2/Collection%20(v2)/Load.md
milvus_041,milvus_type_collections_rename_001,milvus,3.0.0,vendor-documentation,2.6,MISMATCH,https://milvus.io/api-reference/restful/v2.6.x/v2/Collection%20(v2)/Rename.md
milvus_041,milvus_type_entities_insert_001,milvus,3.0.0,implementation-source,2.6.17,MISMATCH,https://github.com/milvus-io/milvus/blob/v2.6.17/internal/distributed/proxy/httpserver/constant.go
milvus_041,milvus_type_entities_search_001,milvus,3.0.0,vendor-documentation,2.6,MISMATCH,https://milvus.io/api-reference/restful/v2.6.x/v2/Vector%20(v2)/Search.md
milvus_041,milvus_type_entities_upsert_001,milvus,3.0.0,implementation-source,2.6.17,MISMATCH,https://github.com/milvus-io/milvus/blob/v2.6.17/internal/distributed/proxy/httpserver/constant.go
milvus_042,milvus_behavioral_collections_create_001,milvus,3.0.0,vendor-documentation,2.6,MISMATCH,https://milvus.io/api-reference/restful/v2.6.x/v2/Collection%20(v2)/Create.md
milvus_042,milvus_range_entities_insert_001,milvus,3.0.0,implementation-source,2.6.17,MISMATCH,https://github.com/milvus-io/milvus/blob/v2.6.17/internal/distributed/proxy/httpserver/constant.go
milvus_042,milvus_range_entities_search_001,milvus,3.0.0,vendor-documentation,2.6,MISMATCH,https://milvus.io/api-reference/restful/v2.6.x/v2/Vector%20(v2)/Search.md
milvus_042,milvus_state_collections_create_001,milvus,3.0.0,vendor-documentation,2.6,MISMATCH,https://milvus.io/api-reference/restful/v2.6.x/v2/Collection%20(v2)/Create.md
milvus_042,milvus_state_collections_drop_001,milvus,3.0.0,vendor-documentation,2.6,MISMATCH,https://milvus.io/api-reference/restful/v2.6.x/v2/Collection%20(v2)/Drop.md
milvus_042,milvus_state_entities_search_001,milvus,3.0.0,vendor-documentation,2.6,MISMATCH,https://milvus.io/api-reference/restful/v2.6.x/v2/Vector%20(v2)/Search.md
milvus_042,milvus_type_collections_create_001,milvus,3.0.0,vendor-documentation,2.6,MISMATCH,https://milvus.io/api-reference/restful/v2.6.x/v2/Collection%20(v2)/Create.md
milvus_042,milvus_type_collections_drop_001,milvus,3.0.0,vendor-documentation,2.6,MISMATCH,https://milvus.io/api-reference/restful/v2.6.x/v2/Collection%20(v2)/Drop.md
milvus_042,milvus_type_collections_load_001,milvus,3.0.0,vendor-documentation,2.6,MISMATCH,https://milvus.io/api-reference/restful/v2.6.x/v2/Collection%20(v2)/Load.md
milvus_042,milvus_type_collections_rename_001,milvus,3.0.0,vendor-documentation,2.6,MISMATCH,https://milvus.io/api-reference/restful/v2.6.x/v2/Collection%20(v2)/Rename.md
milvus_042,milvus_type_entities_insert_001,milvus,3.0.0,implementation-source,2.6.17,MISMATCH,https://github.com/milvus-io/milvus/blob/v2.6.17/internal/distributed/proxy/httpserver/constant.go
milvus_042,milvus_type_entities_search_001,milvus,3.0.0,vendor-documentation,2.6,MISMATCH,https://milvus.io/api-reference/restful/v2.6.x/v2/Vector%20(v2)/Search.md
milvus_042,milvus_type_entities_upsert_001,milvus,3.0.0,implementation-source,2.6.17,MISMATCH,https://github.com/milvus-io/milvus/blob/v2.6.17/internal/distributed/proxy/httpserver/constant.go
milvus_043,milvus_behavioral_collections_create_001,milvus,3.0.0,vendor-documentation,2.6,MISMATCH,https://milvus.io/api-reference/restful/v2.6.x/v2/Collection%20(v2)/Create.md
milvus_043,milvus_behavioral_collections_create_002,milvus,3.0.0,vendor-documentation,2.6,MISMATCH,https://milvus.io/api-reference/restful/v2.6.x/v2/Collection%20(v2)/Create.md
milvus_043,milvus_behavioral_collections_drop_001,milvus,3.0.0,vendor-documentation,2.6,MISMATCH,https://milvus.io/api-reference/restful/v2.6.x/v2/Collection%20(v2)/Drop.md
milvus_043,milvus_behavioral_collections_get_stats_001,milvus,3.0.0,implementation-source,2.6.17,MISMATCH,https://github.com/milvus-io/milvus/blob/v2.6.17/internal/distributed/proxy/httpserver/constant.go
milvus_043,milvus_behavioral_collections_has_001,milvus,3.0.0,implementation-source,2.6.17,MISMATCH,https://github.com/milvus-io/milvus/blob/v2.6.17/internal/distributed/proxy/httpserver/constant.go
milvus_043,milvus_behavioral_collections_load_001,milvus,3.0.0,vendor-documentation,2.6,MISMATCH,https://milvus.io/api-reference/restful/v2.6.x/v2/Collection%20(v2)/Load.md
milvus_043,milvus_behavioral_entities_delete_001,milvus,3.0.0,implementation-source,2.6.17,MISMATCH,https://github.com/milvus-io/milvus/blob/v2.6.17/internal/distributed/proxy/httpserver/constant.go
milvus_043,milvus_behavioral_entities_get_001,milvus,3.0.0,vendor-documentation,2.6,MISMATCH,https://milvus.io/api-reference/restful/v2.6.x/v2/Vector%20(v2)/Get.md
milvus_043,milvus_behavioral_entities_insert_001,milvus,3.0.0,implementation-source,2.6.17,MISMATCH,https://github.com/milvus-io/milvus/blob/v2.6.17/internal/distributed/proxy/httpserver/constant.go
milvus_043,milvus_behavioral_entities_insert_002,milvus,3.0.0,implementation-source,2.6.17,MISMATCH,https://github.com/milvus-io/milvus/blob/v2.6.17/internal/distributed/proxy/httpserver/constant.go
milvus_043,milvus_behavioral_entities_search_001,milvus,3.0.0,vendor-documentation,2.6,MISMATCH,https://milvus.io/api-reference/restful/v2.6.x/v2/Vector%20(v2)/Search.md
milvus_043,milvus_behavioral_hybrid_search_001,milvus,3.0.0,implementation-source,2.6.17,MISMATCH,https://github.com/milvus-io/milvus/blob/v2.6.17/internal/distributed/proxy/httpserver/constant.go
milvus_043,milvus_behavioral_indexes_create_001,milvus,3.0.0,implementation-source,2.6.17,MISMATCH,https://github.com/milvus-io/milvus/blob/v2.6.17/internal/distributed/proxy/httpserver/constant.go
milvus_043,milvus_behavioral_users_create_001,milvus,3.0.0,implementation-source,2.6.17,MISMATCH,https://github.com/milvus-io/milvus/blob/v2.6.17/internal/distributed/proxy/httpserver/constant.go
qdrant_001,qdrant_behavioral_001,qdrant,1.12.1,vendor-documentation,1.18,MISMATCH,https://api.qdrant.tech/v-1-18-x/api-reference/collections/create-collection
qdrant_001,qdrant_behavioral_005,qdrant,1.12.1,vendor-documentation,1.18,MISMATCH,https://api.qdrant.tech/v-1-18-x/api-reference/points/upsert-points
qdrant_001,qdrant_behavioral_006,qdrant,1.12.1,vendor-documentation,1.18,MISMATCH,https://api.qdrant.tech/v-1-18-x/api-reference
qdrant_001,qdrant_behavioral_007,qdrant,1.12.1,vendor-documentation,1.18,MISMATCH,https://api.qdrant.tech/v-1-18-x/api-reference
qdrant_001,qdrant_behavioral_008,qdrant,1.12.1,vendor-documentation,1.18,MISMATCH,https://api.qdrant.tech/v-1-18-x/api-reference/search/points
qdrant_001,qdrant_behavioral_009,qdrant,1.12.1,vendor-documentation,1.18,MISMATCH,https://api.qdrant.tech/v-1-18-x/api-reference
qdrant_001,qdrant_behavioral_010,qdrant,1.12.1,vendor-documentation,1.18,MISMATCH,https://api.qdrant.tech/v-1-18-x/api-reference
qdrant_001,qdrant_behavioral_011,qdrant,1.12.1,vendor-documentation,1.18,MISMATCH,https://api.qdrant.tech/v-1-18-x/api-reference
qdrant_001,qdrant_behavioral_012,qdrant,1.12.1,vendor-documentation,1.18,MISMATCH,https://api.qdrant.tech/v-1-18-x/api-reference
qdrant_001,qdrant_behavioral_016,qdrant,1.12.1,vendor-documentation,1.18,MISMATCH,https://api.qdrant.tech/v-1-18-x/api-reference/points/set-payload
qdrant_001,qdrant_range_create_collection_001,qdrant,1.12.1,vendor-documentation,1.18,MISMATCH,https://api.qdrant.tech/v-1-18-x/api-reference/collections/create-collection
qdrant_001,qdrant_range_create_collection_002,qdrant,1.12.1,vendor-documentation,1.18,MISMATCH,https://api.qdrant.tech/v-1-18-x/api-reference/collections/create-collection
qdrant_001,qdrant_range_create_collection_003,qdrant,1.12.1,vendor-documentation,1.18,MISMATCH,https://api.qdrant.tech/v-1-18-x/api-reference/collections/create-collection
qdrant_001,qdrant_range_create_collection_004,qdrant,1.12.1,vendor-documentation,1.18,MISMATCH,https://api.qdrant.tech/v-1-18-x/api-reference/collections/create-collection
qdrant_001,qdrant_range_query_points_008,qdrant,1.12.1,vendor-documentation,1.18,MISMATCH,https://api.qdrant.tech/v-1-18-x/api-reference
qdrant_001,qdrant_range_recommend_009,qdrant,1.12.1,vendor-documentation,1.18,MISMATCH,https://api.qdrant.tech/v-1-18-x/api-reference
qdrant_001,qdrant_range_scroll_points_005,qdrant,1.12.1,vendor-documentation,1.18,MISMATCH,https://api.qdrant.tech/v-1-18-x/api-reference
qdrant_001,qdrant_range_search_groups_007,qdrant,1.12.1,vendor-documentation,1.18,MISMATCH,https://api.qdrant.tech/v-1-18-x/api-reference
qdrant_001,qdrant_range_search_points_006,qdrant,1.12.1,vendor-documentation,1.18,MISMATCH,https://api.qdrant.tech/v-1-18-x/api-reference/search/points
qdrant_001,qdrant_state_batch_update_007,qdrant,1.12.1,vendor-documentation,1.18,MISMATCH,https://api.qdrant.tech/v-1-18-x/api-reference
qdrant_001,qdrant_state_count_points_008,qdrant,1.12.1,vendor-documentation,1.18,MISMATCH,https://api.qdrant.tech/v-1-18-x/api-reference
qdrant_001,qdrant_state_delete_points_005,qdrant,1.12.1,vendor-documentation,1.18,MISMATCH,https://api.qdrant.tech/v-1-18-x/api-reference
qdrant_001,qdrant_state_query_points_010,qdrant,1.12.1,vendor-documentation,1.18,MISMATCH,https://api.qdrant.tech/v-1-18-x/api-reference
qdrant_001,qdrant_state_search_points_009,qdrant,1.12.1,vendor-documentation,1.18,MISMATCH,https://api.qdrant.tech/v-1-18-x/api-reference/search/points
qdrant_001,qdrant_state_set_payload_006,qdrant,1.12.1,vendor-documentation,1.18,MISMATCH,https://api.qdrant.tech/v-1-18-x/api-reference/points/set-payload
qdrant_001,qdrant_state_upsert_points_004,qdrant,1.12.1,vendor-documentation,1.18,MISMATCH,https://api.qdrant.tech/v-1-18-x/api-reference/points/upsert-points
qdrant_001,qdrant_type_create_collection_001,qdrant,1.12.1,vendor-documentation,1.18,MISMATCH,https://api.qdrant.tech/v-1-18-x/api-reference/collections/create-collection
qdrant_001,qdrant_type_overwrite_payload_004,qdrant,1.12.1,vendor-documentation,1.18,MISMATCH,https://api.qdrant.tech/v-1-18-x/api-reference
qdrant_001,qdrant_type_update_collection_002,qdrant,1.12.1,vendor-documentation,1.18,MISMATCH,https://api.qdrant.tech/v-1-18-x/api-reference
qdrant_001,qdrant_type_upsert_points_003,qdrant,1.12.1,vendor-documentation,1.18,MISMATCH,https://api.qdrant.tech/v-1-18-x/api-reference/points/upsert-points
qdrant_023,qdrant_behavioral_010,qdrant,1.19.0,vendor-documentation,1.18,MISMATCH,https://api.qdrant.tech/v-1-18-x/api-reference
qdrant_023,qdrant_range_recommend_009,qdrant,1.19.0,vendor-documentation,1.18,MISMATCH,https://api.qdrant.tech/v-1-18-x/api-reference
qdrant_023,qdrant_range_search_groups_007,qdrant,1.19.0,vendor-documentation,1.18,MISMATCH,https://api.qdrant.tech/v-1-18-x/api-reference
qdrant_023,qdrant_range_search_points_006,qdrant,1.19.0,vendor-documentation,1.18,MISMATCH,https://api.qdrant.tech/v-1-18-x/api-reference/search/points
qdrant_023,qdrant_state_count_points_008,qdrant,1.19.0,vendor-documentation,1.18,MISMATCH,https://api.qdrant.tech/v-1-18-x/api-reference
qdrant_023,qdrant_state_search_points_009,qdrant,1.19.0,vendor-documentation,1.18,MISMATCH,https://api.qdrant.tech/v-1-18-x/api-reference/search/points
qdrant_023,qdrant_type_upsert_points_003,qdrant,1.19.0,vendor-documentation,1.18,MISMATCH,https://api.qdrant.tech/v-1-18-x/api-reference/points/upsert-points
qdrant_024,qdrant_range_create_collection_001,qdrant,1.19.0,vendor-documentation,1.18,MISMATCH,https://api.qdrant.tech/v-1-18-x/api-reference/collections/create-collection
qdrant_024,qdrant_range_create_collection_002,qdrant,1.19.0,vendor-documentation,1.18,MISMATCH,https://api.qdrant.tech/v-1-18-x/api-reference/collections/create-collection
qdrant_024,qdrant_range_create_collection_003,qdrant,1.19.0,vendor-documentation,1.18,MISMATCH,https://api.qdrant.tech/v-1-18-x/api-reference/collections/create-collection
qdrant_024,qdrant_range_create_collection_004,qdrant,1.19.0,vendor-documentation,1.18,MISMATCH,https://api.qdrant.tech/v-1-18-x/api-reference/collections/create-collection
qdrant_024,qdrant_range_query_points_008,qdrant,1.19.0,vendor-documentation,1.18,MISMATCH,https://api.qdrant.tech/v-1-18-x/api-reference
qdrant_024,qdrant_range_recommend_009,qdrant,1.19.0,vendor-documentation,1.18,MISMATCH,https://api.qdrant.tech/v-1-18-x/api-reference
qdrant_024,qdrant_range_scroll_points_005,qdrant,1.19.0,vendor-documentation,1.18,MISMATCH,https://api.qdrant.tech/v-1-18-x/api-reference
qdrant_024,qdrant_range_search_groups_007,qdrant,1.19.0,vendor-documentation,1.18,MISMATCH,https://api.qdrant.tech/v-1-18-x/api-reference
qdrant_024,qdrant_range_search_points_006,qdrant,1.19.0,vendor-documentation,1.18,MISMATCH,https://api.qdrant.tech/v-1-18-x/api-reference/search/points
qdrant_024,qdrant_state_create_collection_001,qdrant,1.19.0,vendor-documentation,1.18,MISMATCH,https://api.qdrant.tech/v-1-18-x/api-reference/collections/create-collection
qdrant_024,qdrant_type_create_collection_001,qdrant,1.19.0,vendor-documentation,1.18,MISMATCH,https://api.qdrant.tech/v-1-18-x/api-reference/collections/create-collection
qdrant_024,qdrant_type_overwrite_payload_004,qdrant,1.19.0,vendor-documentation,1.18,MISMATCH,https://api.qdrant.tech/v-1-18-x/api-reference
qdrant_024,qdrant_type_update_collection_002,qdrant,1.19.0,vendor-documentation,1.18,MISMATCH,https://api.qdrant.tech/v-1-18-x/api-reference
qdrant_024,qdrant_type_upsert_points_003,qdrant,1.19.0,vendor-documentation,1.18,MISMATCH,https://api.qdrant.tech/v-1-18-x/api-reference/points/upsert-points
qdrant_025,qdrant_behavioral_001,qdrant,1.19.0,vendor-documentation,1.18,MISMATCH,https://api.qdrant.tech/v-1-18-x/api-reference/collections/create-collection
qdrant_025,qdrant_behavioral_008,qdrant,1.19.0,vendor-documentation,1.18,MISMATCH,https://api.qdrant.tech/v-1-18-x/api-reference/search/points
qdrant_025,qdrant_range_create_collection_001,qdrant,1.19.0,vendor-documentation,1.18,MISMATCH,https://api.qdrant.tech/v-1-18-x/api-reference/collections/create-collection
qdrant_025,qdrant_range_create_collection_002,qdrant,1.19.0,vendor-documentation,1.18,MISMATCH,https://api.qdrant.tech/v-1-18-x/api-reference/collections/create-collection
qdrant_025,qdrant_range_create_collection_003,qdrant,1.19.0,vendor-documentation,1.18,MISMATCH,https://api.qdrant.tech/v-1-18-x/api-reference/collections/create-collection
qdrant_025,qdrant_range_search_groups_007,qdrant,1.19.0,vendor-documentation,1.18,MISMATCH,https://api.qdrant.tech/v-1-18-x/api-reference
qdrant_025,qdrant_type_create_collection_001,qdrant,1.19.0,vendor-documentation,1.18,MISMATCH,https://api.qdrant.tech/v-1-18-x/api-reference/collections/create-collection
qdrant_025,qdrant_type_overwrite_payload_004,qdrant,1.19.0,vendor-documentation,1.18,MISMATCH,https://api.qdrant.tech/v-1-18-x/api-reference
qdrant_025,qdrant_type_update_collection_002,qdrant,1.19.0,vendor-documentation,1.18,MISMATCH,https://api.qdrant.tech/v-1-18-x/api-reference
qdrant_025,qdrant_type_upsert_points_003,qdrant,1.19.0,vendor-documentation,1.18,MISMATCH,https://api.qdrant.tech/v-1-18-x/api-reference/points/upsert-points
qdrant_026,qdrant_behavioral_008,qdrant,1.19.0,vendor-documentation,1.18,MISMATCH,https://api.qdrant.tech/v-1-18-x/api-reference/search/points
qdrant_026,qdrant_behavioral_011,qdrant,1.19.0,vendor-documentation,1.18,MISMATCH,https://api.qdrant.tech/v-1-18-x/api-reference
qdrant_026,qdrant_behavioral_012,qdrant,1.19.0,vendor-documentation,1.18,MISMATCH,https://api.qdrant.tech/v-1-18-x/api-reference
qdrant_026,qdrant_range_create_collection_001,qdrant,1.19.0,vendor-documentation,1.18,MISMATCH,https://api.qdrant.tech/v-1-18-x/api-reference/collections/create-collection
qdrant_026,qdrant_range_create_collection_002,qdrant,1.19.0,vendor-documentation,1.18,MISMATCH,https://api.qdrant.tech/v-1-18-x/api-reference/collections/create-collection
qdrant_026,qdrant_range_query_points_008,qdrant,1.19.0,vendor-documentation,1.18,MISMATCH,https://api.qdrant.tech/v-1-18-x/api-reference
qdrant_026,qdrant_range_recommend_009,qdrant,1.19.0,vendor-documentation,1.18,MISMATCH,https://api.qdrant.tech/v-1-18-x/api-reference
qdrant_026,qdrant_range_scroll_points_005,qdrant,1.19.0,vendor-documentation,1.18,MISMATCH,https://api.qdrant.tech/v-1-18-x/api-reference
qdrant_026,qdrant_range_search_groups_007,qdrant,1.19.0,vendor-documentation,1.18,MISMATCH,https://api.qdrant.tech/v-1-18-x/api-reference
qdrant_026,qdrant_type_create_collection_001,qdrant,1.19.0,vendor-documentation,1.18,MISMATCH,https://api.qdrant.tech/v-1-18-x/api-reference/collections/create-collection
qdrant_026,qdrant_type_overwrite_payload_004,qdrant,1.19.0,vendor-documentation,1.18,MISMATCH,https://api.qdrant.tech/v-1-18-x/api-reference
qdrant_026,qdrant_type_update_collection_002,qdrant,1.19.0,vendor-documentation,1.18,MISMATCH,https://api.qdrant.tech/v-1-18-x/api-reference
qdrant_026,qdrant_type_upsert_points_003,qdrant,1.19.0,vendor-documentation,1.18,MISMATCH,https://api.qdrant.tech/v-1-18-x/api-reference/points/upsert-points
qdrant_027,qdrant_behavioral_001,qdrant,1.19.0,vendor-documentation,1.18,MISMATCH,https://api.qdrant.tech/v-1-18-x/api-reference/collections/create-collection
qdrant_027,qdrant_behavioral_008,qdrant,1.19.0,vendor-documentation,1.18,MISMATCH,https://api.qdrant.tech/v-1-18-x/api-reference/search/points
qdrant_027,qdrant_behavioral_011,qdrant,1.19.0,vendor-documentation,1.18,MISMATCH,https://api.qdrant.tech/v-1-18-x/api-reference
qdrant_027,qdrant_behavioral_014,qdrant,1.19.0,vendor-documentation,1.18,MISMATCH,https://api.qdrant.tech/v-1-18-x/api-reference
qdrant_027,qdrant_range_create_collection_001,qdrant,1.19.0,vendor-documentation,1.18,MISMATCH,https://api.qdrant.tech/v-1-18-x/api-reference/collections/create-collection
qdrant_027,qdrant_range_create_collection_002,qdrant,1.19.0,vendor-documentation,1.18,MISMATCH,https://api.qdrant.tech/v-1-18-x/api-reference/collections/create-collection
qdrant_027,qdrant_range_create_collection_003,qdrant,1.19.0,vendor-documentation,1.18,MISMATCH,https://api.qdrant.tech/v-1-18-x/api-reference/collections/create-collection
qdrant_027,qdrant_range_recommend_009,qdrant,1.19.0,vendor-documentation,1.18,MISMATCH,https://api.qdrant.tech/v-1-18-x/api-reference
qdrant_027,qdrant_range_search_groups_007,qdrant,1.19.0,vendor-documentation,1.18,MISMATCH,https://api.qdrant.tech/v-1-18-x/api-reference
qdrant_027,qdrant_state_create_index_011,qdrant,1.19.0,vendor-documentation,1.18,MISMATCH,https://api.qdrant.tech/v-1-18-x/api-reference
qdrant_027,qdrant_type_upsert_points_003,qdrant,1.19.0,vendor-documentation,1.18,MISMATCH,https://api.qdrant.tech/v-1-18-x/api-reference/points/upsert-points
qdrant_028,qdrant_range_create_collection_001,qdrant,1.19.0,vendor-documentation,1.18,MISMATCH,https://api.qdrant.tech/v-1-18-x/api-reference/collections/create-collection
qdrant_028,qdrant_range_create_collection_002,qdrant,1.19.0,vendor-documentation,1.18,MISMATCH,https://api.qdrant.tech/v-1-18-x/api-reference/collections/create-collection
qdrant_028,qdrant_range_create_collection_003,qdrant,1.19.0,vendor-documentation,1.18,MISMATCH,https://api.qdrant.tech/v-1-18-x/api-reference/collections/create-collection
qdrant_028,qdrant_range_create_collection_004,qdrant,1.19.0,vendor-documentation,1.18,MISMATCH,https://api.qdrant.tech/v-1-18-x/api-reference/collections/create-collection
qdrant_028,qdrant_range_query_points_008,qdrant,1.19.0,vendor-documentation,1.18,MISMATCH,https://api.qdrant.tech/v-1-18-x/api-reference
qdrant_028,qdrant_range_recommend_009,qdrant,1.19.0,vendor-documentation,1.18,MISMATCH,https://api.qdrant.tech/v-1-18-x/api-reference
qdrant_028,qdrant_range_scroll_points_005,qdrant,1.19.0,vendor-documentation,1.18,MISMATCH,https://api.qdrant.tech/v-1-18-x/api-reference
qdrant_028,qdrant_range_search_groups_007,qdrant,1.19.0,vendor-documentation,1.18,MISMATCH,https://api.qdrant.tech/v-1-18-x/api-reference
qdrant_028,qdrant_range_search_points_006,qdrant,1.19.0,vendor-documentation,1.18,MISMATCH,https://api.qdrant.tech/v-1-18-x/api-reference/search/points
qdrant_028,qdrant_state_create_collection_001,qdrant,1.19.0,vendor-documentation,1.18,MISMATCH,https://api.qdrant.tech/v-1-18-x/api-reference/collections/create-collection
qdrant_028,qdrant_type_create_collection_001,qdrant,1.19.0,vendor-documentation,1.18,MISMATCH,https://api.qdrant.tech/v-1-18-x/api-reference/collections/create-collection
qdrant_028,qdrant_type_overwrite_payload_004,qdrant,1.19.0,vendor-documentation,1.18,MISMATCH,https://api.qdrant.tech/v-1-18-x/api-reference
qdrant_028,qdrant_type_update_collection_002,qdrant,1.19.0,vendor-documentation,1.18,MISMATCH,https://api.qdrant.tech/v-1-18-x/api-reference
qdrant_028,qdrant_type_upsert_points_003,qdrant,1.19.0,vendor-documentation,1.18,MISMATCH,https://api.qdrant.tech/v-1-18-x/api-reference/points/upsert-points
weaviate_001,weaviate_behavioral_schema_create_001,weaviate,1.37.4,structured-spec,1.38.0,MISMATCH,https://github.com/weaviate/weaviate/blob/v1.38.0/openapi-specs/schema.json
weaviate_001,weaviate_behavioral_schema_create_002,weaviate,1.37.4,structured-spec,1.38.0,MISMATCH,https://github.com/weaviate/weaviate/blob/v1.38.0/openapi-specs/schema.json
weaviate_001,weaviate_behavioral_tenants_create_001,weaviate,1.37.4,structured-spec,1.38.0,MISMATCH,https://github.com/weaviate/weaviate/blob/v1.38.0/openapi-specs/schema.json
weaviate_001,weaviate_range_replication_scale_001,weaviate,1.37.4,structured-spec,1.38.0,MISMATCH,https://github.com/weaviate/weaviate/blob/v1.38.0/openapi-specs/schema.json
weaviate_001,weaviate_range_schema_replication_001,weaviate,1.37.4,structured-spec,1.38.0,MISMATCH,https://github.com/weaviate/weaviate/blob/v1.38.0/openapi-specs/schema.json
weaviate_001,weaviate_state_schema_update_001,weaviate,1.37.4,structured-spec,1.38.0,MISMATCH,https://github.com/weaviate/weaviate/blob/v1.38.0/openapi-specs/schema.json
weaviate_001,weaviate_type_backups_create_001,weaviate,1.37.4,structured-spec,1.38.0,MISMATCH,https://github.com/weaviate/weaviate/blob/v1.38.0/openapi-specs/schema.json
weaviate_001,weaviate_type_batch_references_001,weaviate,1.37.4,structured-spec,1.38.0,MISMATCH,https://github.com/weaviate/weaviate/blob/v1.38.0/openapi-specs/schema.json
weaviate_001,weaviate_type_objects_create_001,weaviate,1.37.4,structured-spec,1.38.0,MISMATCH,https://github.com/weaviate/weaviate/blob/v1.38.0/openapi-specs/schema.json
weaviate_001,weaviate_type_objects_create_002,weaviate,1.37.4,structured-spec,1.38.0,MISMATCH,https://github.com/weaviate/weaviate/blob/v1.38.0/openapi-specs/schema.json
weaviate_001,weaviate_type_references_add_001,weaviate,1.37.4,structured-spec,1.38.0,MISMATCH,https://github.com/weaviate/weaviate/blob/v1.38.0/openapi-specs/schema.json
weaviate_001,weaviate_type_schema_create_001,weaviate,1.37.4,structured-spec,1.38.0,MISMATCH,https://github.com/weaviate/weaviate/blob/v1.38.0/openapi-specs/schema.json
weaviate_001,weaviate_type_schema_create_002,weaviate,1.37.4,structured-spec,1.38.0,MISMATCH,https://github.com/weaviate/weaviate/blob/v1.38.0/openapi-specs/schema.json
weaviate_001,weaviate_type_schema_create_003,weaviate,1.37.4,structured-spec,1.38.0,MISMATCH,https://github.com/weaviate/weaviate/blob/v1.38.0/openapi-specs/schema.json
weaviate_001,weaviate_type_tenants_create_001,weaviate,1.37.4,structured-spec,1.38.0,MISMATCH,https://github.com/weaviate/weaviate/blob/v1.38.0/openapi-specs/schema.json
weaviate_001,weaviate_type_tenants_update_001,weaviate,1.37.4,structured-spec,1.38.0,MISMATCH,https://github.com/weaviate/weaviate/blob/v1.38.0/openapi-specs/schema.json
weaviate_002,weaviate_behavioral_schema_create_001,weaviate,1.37.4,structured-spec,1.38.0,MISMATCH,https://github.com/weaviate/weaviate/blob/v1.38.0/openapi-specs/schema.json
weaviate_002,weaviate_behavioral_schema_create_002,weaviate,1.37.4,structured-spec,1.38.0,MISMATCH,https://github.com/weaviate/weaviate/blob/v1.38.0/openapi-specs/schema.json
weaviate_002,weaviate_behavioral_tenants_create_001,weaviate,1.37.4,structured-spec,1.38.0,MISMATCH,https://github.com/weaviate/weaviate/blob/v1.38.0/openapi-specs/schema.json
weaviate_002,weaviate_range_replication_scale_001,weaviate,1.37.4,structured-spec,1.38.0,MISMATCH,https://github.com/weaviate/weaviate/blob/v1.38.0/openapi-specs/schema.json
weaviate_002,weaviate_range_schema_replication_001,weaviate,1.37.4,structured-spec,1.38.0,MISMATCH,https://github.com/weaviate/weaviate/blob/v1.38.0/openapi-specs/schema.json
weaviate_002,weaviate_state_schema_update_001,weaviate,1.37.4,structured-spec,1.38.0,MISMATCH,https://github.com/weaviate/weaviate/blob/v1.38.0/openapi-specs/schema.json
weaviate_002,weaviate_type_backups_create_001,weaviate,1.37.4,structured-spec,1.38.0,MISMATCH,https://github.com/weaviate/weaviate/blob/v1.38.0/openapi-specs/schema.json
weaviate_002,weaviate_type_batch_references_001,weaviate,1.37.4,structured-spec,1.38.0,MISMATCH,https://github.com/weaviate/weaviate/blob/v1.38.0/openapi-specs/schema.json
weaviate_002,weaviate_type_objects_create_001,weaviate,1.37.4,structured-spec,1.38.0,MISMATCH,https://github.com/weaviate/weaviate/blob/v1.38.0/openapi-specs/schema.json
weaviate_002,weaviate_type_objects_create_002,weaviate,1.37.4,structured-spec,1.38.0,MISMATCH,https://github.com/weaviate/weaviate/blob/v1.38.0/openapi-specs/schema.json
weaviate_002,weaviate_type_references_add_001,weaviate,1.37.4,structured-spec,1.38.0,MISMATCH,https://github.com/weaviate/weaviate/blob/v1.38.0/openapi-specs/schema.json
weaviate_002,weaviate_type_schema_create_001,weaviate,1.37.4,structured-spec,1.38.0,MISMATCH,https://github.com/weaviate/weaviate/blob/v1.38.0/openapi-specs/schema.json
weaviate_002,weaviate_type_schema_create_002,weaviate,1.37.4,structured-spec,1.38.0,MISMATCH,https://github.com/weaviate/weaviate/blob/v1.38.0/openapi-specs/schema.json
weaviate_002,weaviate_type_schema_create_003,weaviate,1.37.4,structured-spec,1.38.0,MISMATCH,https://github.com/weaviate/weaviate/blob/v1.38.0/openapi-specs/schema.json
weaviate_002,weaviate_type_tenants_create_001,weaviate,1.37.4,structured-spec,1.38.0,MISMATCH,https://github.com/weaviate/weaviate/blob/v1.38.0/openapi-specs/schema.json
weaviate_002,weaviate_type_tenants_update_001,weaviate,1.37.4,structured-spec,1.38.0,MISMATCH,https://github.com/weaviate/weaviate/blob/v1.38.0/openapi-specs/schema.json
weaviate_003,weaviate_behavioral_index_update_001,weaviate,1.37.4,structured-spec,1.38.0,MISMATCH,https://github.com/weaviate/weaviate/blob/v1.38.0/openapi-specs/schema.json
weaviate_003,weaviate_behavioral_schema_create_001,weaviate,1.37.4,structured-spec,1.38.0,MISMATCH,https://github.com/weaviate/weaviate/blob/v1.38.0/openapi-specs/schema.json
weaviate_003,weaviate_behavioral_schema_create_002,weaviate,1.37.4,structured-spec,1.38.0,MISMATCH,https://github.com/weaviate/weaviate/blob/v1.38.0/openapi-specs/schema.json
weaviate_003,weaviate_behavioral_tenants_create_001,weaviate,1.37.4,structured-spec,1.38.0,MISMATCH,https://github.com/weaviate/weaviate/blob/v1.38.0/openapi-specs/schema.json
weaviate_003,weaviate_range_replication_scale_001,weaviate,1.37.4,structured-spec,1.38.0,MISMATCH,https://github.com/weaviate/weaviate/blob/v1.38.0/openapi-specs/schema.json
weaviate_003,weaviate_range_schema_replication_001,weaviate,1.37.4,structured-spec,1.38.0,MISMATCH,https://github.com/weaviate/weaviate/blob/v1.38.0/openapi-specs/schema.json
weaviate_003,weaviate_state_index_update_001,weaviate,1.37.4,structured-spec,1.38.0,MISMATCH,https://github.com/weaviate/weaviate/blob/v1.38.0/openapi-specs/schema.json
weaviate_003,weaviate_state_schema_delete_001,weaviate,1.37.4,structured-spec,1.38.0,MISMATCH,https://github.com/weaviate/weaviate/blob/v1.38.0/openapi-specs/schema.json
weaviate_003,weaviate_state_schema_update_001,weaviate,1.37.4,structured-spec,1.38.0,MISMATCH,https://github.com/weaviate/weaviate/blob/v1.38.0/openapi-specs/schema.json
weaviate_003,weaviate_state_tenants_delete_001,weaviate,1.37.4,structured-spec,1.38.0,MISMATCH,https://github.com/weaviate/weaviate/blob/v1.38.0/openapi-specs/schema.json
weaviate_003,weaviate_type_backups_create_001,weaviate,1.37.4,structured-spec,1.38.0,MISMATCH,https://github.com/weaviate/weaviate/blob/v1.38.0/openapi-specs/schema.json
weaviate_003,weaviate_type_batch_references_001,weaviate,1.37.4,structured-spec,1.38.0,MISMATCH,https://github.com/weaviate/weaviate/blob/v1.38.0/openapi-specs/schema.json
weaviate_003,weaviate_type_index_update_001,weaviate,1.37.4,structured-spec,1.38.0,MISMATCH,https://github.com/weaviate/weaviate/blob/v1.38.0/openapi-specs/schema.json
weaviate_003,weaviate_type_objects_create_001,weaviate,1.37.4,structured-spec,1.38.0,MISMATCH,https://github.com/weaviate/weaviate/blob/v1.38.0/openapi-specs/schema.json
weaviate_003,weaviate_type_objects_create_002,weaviate,1.37.4,structured-spec,1.38.0,MISMATCH,https://github.com/weaviate/weaviate/blob/v1.38.0/openapi-specs/schema.json
weaviate_003,weaviate_type_references_add_001,weaviate,1.37.4,structured-spec,1.38.0,MISMATCH,https://github.com/weaviate/weaviate/blob/v1.38.0/openapi-specs/schema.json
weaviate_003,weaviate_type_schema_create_001,weaviate,1.37.4,structured-spec,1.38.0,MISMATCH,https://github.com/weaviate/weaviate/blob/v1.38.0/openapi-specs/schema.json
weaviate_003,weaviate_type_schema_create_002,weaviate,1.37.4,structured-spec,1.38.0,MISMATCH,https://github.com/weaviate/weaviate/blob/v1.38.0/openapi-specs/schema.json
weaviate_003,weaviate_type_schema_create_003,weaviate,1.37.4,structured-spec,1.38.0,MISMATCH,https://github.com/weaviate/weaviate/blob/v1.38.0/openapi-specs/schema.json
weaviate_003,weaviate_type_tenants_create_001,weaviate,1.37.4,structured-spec,1.38.0,MISMATCH,https://github.com/weaviate/weaviate/blob/v1.38.0/openapi-specs/schema.json
weaviate_003,weaviate_type_tenants_update_001,weaviate,1.37.4,structured-spec,1.38.0,MISMATCH,https://github.com/weaviate/weaviate/blob/v1.38.0/openapi-specs/schema.json
weaviate_004,weaviate_behavioral_index_update_001,weaviate,1.37.4,structured-spec,1.38.0,MISMATCH,https://github.com/weaviate/weaviate/blob/v1.38.0/openapi-specs/schema.json
weaviate_004,weaviate_behavioral_schema_create_001,weaviate,1.37.4,structured-spec,1.38.0,MISMATCH,https://github.com/weaviate/weaviate/blob/v1.38.0/openapi-specs/schema.json
weaviate_004,weaviate_behavioral_schema_create_002,weaviate,1.37.4,structured-spec,1.38.0,MISMATCH,https://github.com/weaviate/weaviate/blob/v1.38.0/openapi-specs/schema.json
weaviate_004,weaviate_behavioral_tenants_create_001,weaviate,1.37.4,structured-spec,1.38.0,MISMATCH,https://github.com/weaviate/weaviate/blob/v1.38.0/openapi-specs/schema.json
weaviate_004,weaviate_range_replication_scale_001,weaviate,1.37.4,structured-spec,1.38.0,MISMATCH,https://github.com/weaviate/weaviate/blob/v1.38.0/openapi-specs/schema.json
weaviate_004,weaviate_range_schema_replication_001,weaviate,1.37.4,structured-spec,1.38.0,MISMATCH,https://github.com/weaviate/weaviate/blob/v1.38.0/openapi-specs/schema.json
weaviate_004,weaviate_state_index_update_001,weaviate,1.37.4,structured-spec,1.38.0,MISMATCH,https://github.com/weaviate/weaviate/blob/v1.38.0/openapi-specs/schema.json
weaviate_004,weaviate_state_schema_delete_001,weaviate,1.37.4,structured-spec,1.38.0,MISMATCH,https://github.com/weaviate/weaviate/blob/v1.38.0/openapi-specs/schema.json
weaviate_004,weaviate_state_schema_update_001,weaviate,1.37.4,structured-spec,1.38.0,MISMATCH,https://github.com/weaviate/weaviate/blob/v1.38.0/openapi-specs/schema.json
weaviate_004,weaviate_state_tenants_delete_001,weaviate,1.37.4,structured-spec,1.38.0,MISMATCH,https://github.com/weaviate/weaviate/blob/v1.38.0/openapi-specs/schema.json
weaviate_004,weaviate_type_backups_create_001,weaviate,1.37.4,structured-spec,1.38.0,MISMATCH,https://github.com/weaviate/weaviate/blob/v1.38.0/openapi-specs/schema.json
weaviate_004,weaviate_type_batch_references_001,weaviate,1.37.4,structured-spec,1.38.0,MISMATCH,https://github.com/weaviate/weaviate/blob/v1.38.0/openapi-specs/schema.json
weaviate_004,weaviate_type_index_update_001,weaviate,1.37.4,structured-spec,1.38.0,MISMATCH,https://github.com/weaviate/weaviate/blob/v1.38.0/openapi-specs/schema.json
weaviate_004,weaviate_type_objects_create_001,weaviate,1.37.4,structured-spec,1.38.0,MISMATCH,https://github.com/weaviate/weaviate/blob/v1.38.0/openapi-specs/schema.json
weaviate_004,weaviate_type_objects_create_002,weaviate,1.37.4,structured-spec,1.38.0,MISMATCH,https://github.com/weaviate/weaviate/blob/v1.38.0/openapi-specs/schema.json
weaviate_004,weaviate_type_references_add_001,weaviate,1.37.4,structured-spec,1.38.0,MISMATCH,https://github.com/weaviate/weaviate/blob/v1.38.0/openapi-specs/schema.json
weaviate_004,weaviate_type_schema_create_001,weaviate,1.37.4,structured-spec,1.38.0,MISMATCH,https://github.com/weaviate/weaviate/blob/v1.38.0/openapi-specs/schema.json
weaviate_004,weaviate_type_schema_create_002,weaviate,1.37.4,structured-spec,1.38.0,MISMATCH,https://github.com/weaviate/weaviate/blob/v1.38.0/openapi-specs/schema.json
weaviate_004,weaviate_type_schema_create_003,weaviate,1.37.4,structured-spec,1.38.0,MISMATCH,https://github.com/weaviate/weaviate/blob/v1.38.0/openapi-specs/schema.json
weaviate_004,weaviate_type_tenants_create_001,weaviate,1.37.4,structured-spec,1.38.0,MISMATCH,https://github.com/weaviate/weaviate/blob/v1.38.0/openapi-specs/schema.json
weaviate_004,weaviate_type_tenants_update_001,weaviate,1.37.4,structured-spec,1.38.0,MISMATCH,https://github.com/weaviate/weaviate/blob/v1.38.0/openapi-specs/schema.json
milvus_002,milvus_behavioral_collections_create_001,milvus,2.6.10,vendor-documentation,2.6,aligned,https://milvus.io/api-reference/restful/v2.6.x/v2/Collection%20(v2)/Create.md
milvus_002,milvus_behavioral_entities_delete_001,milvus,2.6.10,implementation-source,2.6.17,aligned,https://github.com/milvus-io/milvus/blob/v2.6.17/internal/distributed/proxy/httpserver/constant.go
milvus_002,milvus_behavioral_entities_get_001,milvus,2.6.10,vendor-documentation,2.6,aligned,https://milvus.io/api-reference/restful/v2.6.x/v2/Vector%20(v2)/Get.md
milvus_002,milvus_behavioral_entities_search_001,milvus,2.6.10,vendor-documentation,2.6,aligned,https://milvus.io/api-reference/restful/v2.6.x/v2/Vector%20(v2)/Search.md
milvus_002,milvus_range_entities_insert_001,milvus,2.6.10,implementation-source,2.6.17,aligned,https://github.com/milvus-io/milvus/blob/v2.6.17/internal/distributed/proxy/httpserver/constant.go
milvus_002,milvus_range_entities_search_001,milvus,2.6.10,vendor-documentation,2.6,aligned,https://milvus.io/api-reference/restful/v2.6.x/v2/Vector%20(v2)/Search.md
milvus_002,milvus_range_entities_search_002,milvus,2.6.10,vendor-documentation,2.6,aligned,https://milvus.io/api-reference/restful/v2.6.x/v2/Vector%20(v2)/Search.md
milvus_002,milvus_state_collections_create_001,milvus,2.6.10,vendor-documentation,2.6,aligned,https://milvus.io/api-reference/restful/v2.6.x/v2/Collection%20(v2)/Create.md
milvus_002,milvus_state_collections_drop_001,milvus,2.6.10,vendor-documentation,2.6,aligned,https://milvus.io/api-reference/restful/v2.6.x/v2/Collection%20(v2)/Drop.md
milvus_002,milvus_state_databases_drop_001,milvus,2.6.10,implementation-source,2.6.17,aligned,https://github.com/milvus-io/milvus/blob/v2.6.17/internal/distributed/proxy/httpserver/constant.go
milvus_002,milvus_state_entities_delete_001,milvus,2.6.10,implementation-source,2.6.17,aligned,https://github.com/milvus-io/milvus/blob/v2.6.17/internal/distributed/proxy/httpserver/constant.go
milvus_002,milvus_state_entities_search_001,milvus,2.6.10,vendor-documentation,2.6,aligned,https://milvus.io/api-reference/restful/v2.6.x/v2/Vector%20(v2)/Search.md
milvus_002,milvus_type_collections_create_001,milvus,2.6.10,vendor-documentation,2.6,aligned,https://milvus.io/api-reference/restful/v2.6.x/v2/Collection%20(v2)/Create.md
milvus_002,milvus_type_collections_drop_001,milvus,2.6.10,vendor-documentation,2.6,aligned,https://milvus.io/api-reference/restful/v2.6.x/v2/Collection%20(v2)/Drop.md
milvus_002,milvus_type_collections_load_001,milvus,2.6.10,vendor-documentation,2.6,aligned,https://milvus.io/api-reference/restful/v2.6.x/v2/Collection%20(v2)/Load.md
milvus_002,milvus_type_collections_rename_001,milvus,2.6.10,vendor-documentation,2.6,aligned,https://milvus.io/api-reference/restful/v2.6.x/v2/Collection%20(v2)/Rename.md
milvus_002,milvus_type_entities_delete_001,milvus,2.6.10,implementation-source,2.6.17,aligned,https://github.com/milvus-io/milvus/blob/v2.6.17/internal/distributed/proxy/httpserver/constant.go
milvus_002,milvus_type_entities_get_001,milvus,2.6.10,vendor-documentation,2.6,aligned,https://milvus.io/api-reference/restful/v2.6.x/v2/Vector%20(v2)/Get.md
milvus_002,milvus_type_entities_insert_001,milvus,2.6.10,implementation-source,2.6.17,aligned,https://github.com/milvus-io/milvus/blob/v2.6.17/internal/distributed/proxy/httpserver/constant.go
milvus_002,milvus_type_entities_search_001,milvus,2.6.10,vendor-documentation,2.6,aligned,https://milvus.io/api-reference/restful/v2.6.x/v2/Vector%20(v2)/Search.md
milvus_002,milvus_type_entities_upsert_001,milvus,2.6.10,implementation-source,2.6.17,aligned,https://github.com/milvus-io/milvus/blob/v2.6.17/internal/distributed/proxy/httpserver/constant.go
milvus_003,milvus_behavioral_collections_create_001,milvus,2.6.10,vendor-documentation,2.6,aligned,https://milvus.io/api-reference/restful/v2.6.x/v2/Collection%20(v2)/Create.md
milvus_003,milvus_behavioral_entities_delete_001,milvus,2.6.10,implementation-source,2.6.17,aligned,https://github.com/milvus-io/milvus/blob/v2.6.17/internal/distributed/proxy/httpserver/constant.go
milvus_003,milvus_behavioral_entities_get_001,milvus,2.6.10,vendor-documentation,2.6,aligned,https://milvus.io/api-reference/restful/v2.6.x/v2/Vector%20(v2)/Get.md
milvus_003,milvus_behavioral_entities_search_001,milvus,2.6.10,vendor-documentation,2.6,aligned,https://milvus.io/api-reference/restful/v2.6.x/v2/Vector%20(v2)/Search.md
milvus_003,milvus_range_entities_insert_001,milvus,2.6.10,implementation-source,2.6.17,aligned,https://github.com/milvus-io/milvus/blob/v2.6.17/internal/distributed/proxy/httpserver/constant.go
milvus_003,milvus_range_entities_search_001,milvus,2.6.10,vendor-documentation,2.6,aligned,https://milvus.io/api-reference/restful/v2.6.x/v2/Vector%20(v2)/Search.md
milvus_003,milvus_range_entities_search_002,milvus,2.6.10,vendor-documentation,2.6,aligned,https://milvus.io/api-reference/restful/v2.6.x/v2/Vector%20(v2)/Search.md
milvus_003,milvus_state_collections_create_001,milvus,2.6.10,vendor-documentation,2.6,aligned,https://milvus.io/api-reference/restful/v2.6.x/v2/Collection%20(v2)/Create.md
milvus_003,milvus_state_collections_drop_001,milvus,2.6.10,vendor-documentation,2.6,aligned,https://milvus.io/api-reference/restful/v2.6.x/v2/Collection%20(v2)/Drop.md
milvus_003,milvus_state_databases_drop_001,milvus,2.6.10,implementation-source,2.6.17,aligned,https://github.com/milvus-io/milvus/blob/v2.6.17/internal/distributed/proxy/httpserver/constant.go
milvus_003,milvus_state_entities_delete_001,milvus,2.6.10,implementation-source,2.6.17,aligned,https://github.com/milvus-io/milvus/blob/v2.6.17/internal/distributed/proxy/httpserver/constant.go
milvus_003,milvus_state_entities_search_001,milvus,2.6.10,vendor-documentation,2.6,aligned,https://milvus.io/api-reference/restful/v2.6.x/v2/Vector%20(v2)/Search.md
milvus_003,milvus_type_collections_create_001,milvus,2.6.10,vendor-documentation,2.6,aligned,https://milvus.io/api-reference/restful/v2.6.x/v2/Collection%20(v2)/Create.md
milvus_003,milvus_type_collections_drop_001,milvus,2.6.10,vendor-documentation,2.6,aligned,https://milvus.io/api-reference/restful/v2.6.x/v2/Collection%20(v2)/Drop.md
milvus_003,milvus_type_collections_load_001,milvus,2.6.10,vendor-documentation,2.6,aligned,https://milvus.io/api-reference/restful/v2.6.x/v2/Collection%20(v2)/Load.md
milvus_003,milvus_type_collections_rename_001,milvus,2.6.10,vendor-documentation,2.6,aligned,https://milvus.io/api-reference/restful/v2.6.x/v2/Collection%20(v2)/Rename.md
milvus_003,milvus_type_entities_delete_001,milvus,2.6.10,implementation-source,2.6.17,aligned,https://github.com/milvus-io/milvus/blob/v2.6.17/internal/distributed/proxy/httpserver/constant.go
milvus_003,milvus_type_entities_get_001,milvus,2.6.10,vendor-documentation,2.6,aligned,https://milvus.io/api-reference/restful/v2.6.x/v2/Vector%20(v2)/Get.md
milvus_003,milvus_type_entities_insert_001,milvus,2.6.10,implementation-source,2.6.17,aligned,https://github.com/milvus-io/milvus/blob/v2.6.17/internal/distributed/proxy/httpserver/constant.go
milvus_003,milvus_type_entities_search_001,milvus,2.6.10,vendor-documentation,2.6,aligned,https://milvus.io/api-reference/restful/v2.6.x/v2/Vector%20(v2)/Search.md
milvus_003,milvus_type_entities_upsert_001,milvus,2.6.10,implementation-source,2.6.17,aligned,https://github.com/milvus-io/milvus/blob/v2.6.17/internal/distributed/proxy/httpserver/constant.go
milvus_004,milvus_behavioral_collections_create_001,milvus,2.6.10,vendor-documentation,2.6,aligned,https://milvus.io/api-reference/restful/v2.6.x/v2/Collection%20(v2)/Create.md
milvus_004,milvus_behavioral_collections_create_002,milvus,2.6.10,vendor-documentation,2.6,aligned,https://milvus.io/api-reference/restful/v2.6.x/v2/Collection%20(v2)/Create.md
milvus_004,milvus_behavioral_collections_drop_001,milvus,2.6.10,vendor-documentation,2.6,aligned,https://milvus.io/api-reference/restful/v2.6.x/v2/Collection%20(v2)/Drop.md
milvus_004,milvus_behavioral_collections_load_001,milvus,2.6.10,vendor-documentation,2.6,aligned,https://milvus.io/api-reference/restful/v2.6.x/v2/Collection%20(v2)/Load.md
milvus_004,milvus_behavioral_entities_delete_001,milvus,2.6.10,implementation-source,2.6.17,aligned,https://github.com/milvus-io/milvus/blob/v2.6.17/internal/distributed/proxy/httpserver/constant.go
milvus_004,milvus_behavioral_entities_get_001,milvus,2.6.10,vendor-documentation,2.6,aligned,https://milvus.io/api-reference/restful/v2.6.x/v2/Vector%20(v2)/Get.md
milvus_004,milvus_behavioral_entities_insert_001,milvus,2.6.10,implementation-source,2.6.17,aligned,https://github.com/milvus-io/milvus/blob/v2.6.17/internal/distributed/proxy/httpserver/constant.go
milvus_004,milvus_behavioral_entities_insert_002,milvus,2.6.10,implementation-source,2.6.17,aligned,https://github.com/milvus-io/milvus/blob/v2.6.17/internal/distributed/proxy/httpserver/constant.go
milvus_004,milvus_behavioral_entities_search_001,milvus,2.6.10,vendor-documentation,2.6,aligned,https://milvus.io/api-reference/restful/v2.6.x/v2/Vector%20(v2)/Search.md
milvus_004,milvus_behavioral_hybrid_search_001,milvus,2.6.10,implementation-source,2.6.17,aligned,https://github.com/milvus-io/milvus/blob/v2.6.17/internal/distributed/proxy/httpserver/constant.go
milvus_004,milvus_behavioral_indexes_create_001,milvus,2.6.10,implementation-source,2.6.17,aligned,https://github.com/milvus-io/milvus/blob/v2.6.17/internal/distributed/proxy/httpserver/constant.go
milvus_004,milvus_behavioral_users_update_password_001,milvus,2.6.10,vendor-documentation,2.6,aligned,https://milvus.io/api-reference/restful/v2.6.x/v2/User%20(v2)/Update%20Password.md
milvus_004,milvus_range_entities_insert_001,milvus,2.6.10,implementation-source,2.6.17,aligned,https://github.com/milvus-io/milvus/blob/v2.6.17/internal/distributed/proxy/httpserver/constant.go
milvus_004,milvus_range_entities_insert_002,milvus,2.6.10,implementation-source,2.6.17,aligned,https://github.com/milvus-io/milvus/blob/v2.6.17/internal/distributed/proxy/httpserver/constant.go
milvus_004,milvus_range_entities_query_001,milvus,2.6.10,implementation-source,2.6.17,aligned,https://github.com/milvus-io/milvus/blob/v2.6.17/internal/distributed/proxy/httpserver/constant.go
milvus_004,milvus_range_entities_search_001,milvus,2.6.10,vendor-documentation,2.6,aligned,https://milvus.io/api-reference/restful/v2.6.x/v2/Vector%20(v2)/Search.md
milvus_004,milvus_range_entities_search_002,milvus,2.6.10,vendor-documentation,2.6,aligned,https://milvus.io/api-reference/restful/v2.6.x/v2/Vector%20(v2)/Search.md
milvus_004,milvus_range_hybrid_search_001,milvus,2.6.10,implementation-source,2.6.17,aligned,https://github.com/milvus-io/milvus/blob/v2.6.17/internal/distributed/proxy/httpserver/constant.go
milvus_004,milvus_state_entities_delete_001,milvus,2.6.10,implementation-source,2.6.17,aligned,https://github.com/milvus-io/milvus/blob/v2.6.17/internal/distributed/proxy/httpserver/constant.go
milvus_004,milvus_state_entities_insert_001,milvus,2.6.10,implementation-source,2.6.17,aligned,https://github.com/milvus-io/milvus/blob/v2.6.17/internal/distributed/proxy/httpserver/constant.go
milvus_004,milvus_state_entities_search_001,milvus,2.6.10,vendor-documentation,2.6,aligned,https://milvus.io/api-reference/restful/v2.6.x/v2/Vector%20(v2)/Search.md
milvus_004,milvus_state_entities_upsert_001,milvus,2.6.10,implementation-source,2.6.17,aligned,https://github.com/milvus-io/milvus/blob/v2.6.17/internal/distributed/proxy/httpserver/constant.go
milvus_004,milvus_state_entities_upsert_002,milvus,2.6.10,implementation-source,2.6.17,aligned,https://github.com/milvus-io/milvus/blob/v2.6.17/internal/distributed/proxy/httpserver/constant.go
milvus_004,milvus_state_jobs_import_create_001,milvus,2.6.10,vendor-documentation,2.6,aligned,https://milvus.io/api-reference/restful/v2.6.x/v2/Import%20(v2)/Create.md
milvus_004,milvus_type_collections_create_001,milvus,2.6.10,vendor-documentation,2.6,aligned,https://milvus.io/api-reference/restful/v2.6.x/v2/Collection%20(v2)/Create.md
milvus_004,milvus_type_collections_drop_001,milvus,2.6.10,vendor-documentation,2.6,aligned,https://milvus.io/api-reference/restful/v2.6.x/v2/Collection%20(v2)/Drop.md
milvus_004,milvus_type_collections_load_001,milvus,2.6.10,vendor-documentation,2.6,aligned,https://milvus.io/api-reference/restful/v2.6.x/v2/Collection%20(v2)/Load.md
milvus_004,milvus_type_entities_delete_001,milvus,2.6.10,implementation-source,2.6.17,aligned,https://github.com/milvus-io/milvus/blob/v2.6.17/internal/distributed/proxy/httpserver/constant.go
milvus_004,milvus_type_entities_insert_001,milvus,2.6.10,implementation-source,2.6.17,aligned,https://github.com/milvus-io/milvus/blob/v2.6.17/internal/distributed/proxy/httpserver/constant.go
milvus_004,milvus_type_entities_query_001,milvus,2.6.10,implementation-source,2.6.17,aligned,https://github.com/milvus-io/milvus/blob/v2.6.17/internal/distributed/proxy/httpserver/constant.go
milvus_004,milvus_type_entities_search_001,milvus,2.6.10,vendor-documentation,2.6,aligned,https://milvus.io/api-reference/restful/v2.6.x/v2/Vector%20(v2)/Search.md
milvus_004,milvus_type_entities_upsert_001,milvus,2.6.10,implementation-source,2.6.17,aligned,https://github.com/milvus-io/milvus/blob/v2.6.17/internal/distributed/proxy/httpserver/constant.go
milvus_004,milvus_type_hybrid_search_001,milvus,2.6.10,implementation-source,2.6.17,aligned,https://github.com/milvus-io/milvus/blob/v2.6.17/internal/distributed/proxy/httpserver/constant.go
milvus_005,milvus_behavioral_collections_create_001,milvus,2.6.10,vendor-documentation,2.6,aligned,https://milvus.io/api-reference/restful/v2.6.x/v2/Collection%20(v2)/Create.md
milvus_005,milvus_behavioral_entities_delete_001,milvus,2.6.10,implementation-source,2.6.17,aligned,https://github.com/milvus-io/milvus/blob/v2.6.17/internal/distributed/proxy/httpserver/constant.go
milvus_005,milvus_behavioral_entities_get_001,milvus,2.6.10,vendor-documentation,2.6,aligned,https://milvus.io/api-reference/restful/v2.6.x/v2/Vector%20(v2)/Get.md
milvus_005,milvus_behavioral_entities_insert_001,milvus,2.6.10,implementation-source,2.6.17,aligned,https://github.com/milvus-io/milvus/blob/v2.6.17/internal/distributed/proxy/httpserver/constant.go
milvus_005,milvus_behavioral_entities_insert_002,milvus,2.6.10,implementation-source,2.6.17,aligned,https://github.com/milvus-io/milvus/blob/v2.6.17/internal/distributed/proxy/httpserver/constant.go
milvus_005,milvus_range_entities_insert_001,milvus,2.6.10,implementation-source,2.6.17,aligned,https://github.com/milvus-io/milvus/blob/v2.6.17/internal/distributed/proxy/httpserver/constant.go
milvus_005,milvus_range_entities_insert_002,milvus,2.6.10,implementation-source,2.6.17,aligned,https://github.com/milvus-io/milvus/blob/v2.6.17/internal/distributed/proxy/httpserver/constant.go
milvus_005,milvus_range_entities_search_001,milvus,2.6.10,vendor-documentation,2.6,aligned,https://milvus.io/api-reference/restful/v2.6.x/v2/Vector%20(v2)/Search.md
milvus_005,milvus_state_collections_create_001,milvus,2.6.10,vendor-documentation,2.6,aligned,https://milvus.io/api-reference/restful/v2.6.x/v2/Collection%20(v2)/Create.md
milvus_005,milvus_state_collections_drop_001,milvus,2.6.10,vendor-documentation,2.6,aligned,https://milvus.io/api-reference/restful/v2.6.x/v2/Collection%20(v2)/Drop.md
milvus_005,milvus_state_entities_delete_001,milvus,2.6.10,implementation-source,2.6.17,aligned,https://github.com/milvus-io/milvus/blob/v2.6.17/internal/distributed/proxy/httpserver/constant.go
milvus_005,milvus_state_entities_insert_001,milvus,2.6.10,implementation-source,2.6.17,aligned,https://github.com/milvus-io/milvus/blob/v2.6.17/internal/distributed/proxy/httpserver/constant.go
milvus_005,milvus_type_collections_create_001,milvus,2.6.10,vendor-documentation,2.6,aligned,https://milvus.io/api-reference/restful/v2.6.x/v2/Collection%20(v2)/Create.md
milvus_005,milvus_type_collections_drop_001,milvus,2.6.10,vendor-documentation,2.6,aligned,https://milvus.io/api-reference/restful/v2.6.x/v2/Collection%20(v2)/Drop.md
milvus_005,milvus_type_collections_load_001,milvus,2.6.10,vendor-documentation,2.6,aligned,https://milvus.io/api-reference/restful/v2.6.x/v2/Collection%20(v2)/Load.md
milvus_005,milvus_type_collections_rename_001,milvus,2.6.10,vendor-documentation,2.6,aligned,https://milvus.io/api-reference/restful/v2.6.x/v2/Collection%20(v2)/Rename.md
milvus_005,milvus_type_entities_delete_001,milvus,2.6.10,implementation-source,2.6.17,aligned,https://github.com/milvus-io/milvus/blob/v2.6.17/internal/distributed/proxy/httpserver/constant.go
milvus_005,milvus_type_entities_get_001,milvus,2.6.10,vendor-documentation,2.6,aligned,https://milvus.io/api-reference/restful/v2.6.x/v2/Vector%20(v2)/Get.md
milvus_005,milvus_type_entities_insert_001,milvus,2.6.10,implementation-source,2.6.17,aligned,https://github.com/milvus-io/milvus/blob/v2.6.17/internal/distributed/proxy/httpserver/constant.go
milvus_005,milvus_type_entities_search_001,milvus,2.6.10,vendor-documentation,2.6,aligned,https://milvus.io/api-reference/restful/v2.6.x/v2/Vector%20(v2)/Search.md
milvus_005,milvus_type_entities_upsert_001,milvus,2.6.10,implementation-source,2.6.17,aligned,https://github.com/milvus-io/milvus/blob/v2.6.17/internal/distributed/proxy/httpserver/constant.go
milvus_006,milvus_behavioral_collections_create_001,milvus,2.6.10,vendor-documentation,2.6,aligned,https://milvus.io/api-reference/restful/v2.6.x/v2/Collection%20(v2)/Create.md
milvus_006,milvus_behavioral_entities_delete_001,milvus,2.6.10,implementation-source,2.6.17,aligned,https://github.com/milvus-io/milvus/blob/v2.6.17/internal/distributed/proxy/httpserver/constant.go
milvus_006,milvus_behavioral_entities_get_001,milvus,2.6.10,vendor-documentation,2.6,aligned,https://milvus.io/api-reference/restful/v2.6.x/v2/Vector%20(v2)/Get.md
milvus_006,milvus_behavioral_entities_insert_001,milvus,2.6.10,implementation-source,2.6.17,aligned,https://github.com/milvus-io/milvus/blob/v2.6.17/internal/distributed/proxy/httpserver/constant.go
milvus_006,milvus_behavioral_entities_insert_002,milvus,2.6.10,implementation-source,2.6.17,aligned,https://github.com/milvus-io/milvus/blob/v2.6.17/internal/distributed/proxy/httpserver/constant.go
milvus_006,milvus_range_entities_insert_001,milvus,2.6.10,implementation-source,2.6.17,aligned,https://github.com/milvus-io/milvus/blob/v2.6.17/internal/distributed/proxy/httpserver/constant.go
milvus_006,milvus_range_entities_insert_002,milvus,2.6.10,implementation-source,2.6.17,aligned,https://github.com/milvus-io/milvus/blob/v2.6.17/internal/distributed/proxy/httpserver/constant.go
milvus_006,milvus_range_entities_search_001,milvus,2.6.10,vendor-documentation,2.6,aligned,https://milvus.io/api-reference/restful/v2.6.x/v2/Vector%20(v2)/Search.md
milvus_006,milvus_state_collections_create_001,milvus,2.6.10,vendor-documentation,2.6,aligned,https://milvus.io/api-reference/restful/v2.6.x/v2/Collection%20(v2)/Create.md
milvus_006,milvus_state_collections_drop_001,milvus,2.6.10,vendor-documentation,2.6,aligned,https://milvus.io/api-reference/restful/v2.6.x/v2/Collection%20(v2)/Drop.md
milvus_006,milvus_state_databases_drop_001,milvus,2.6.10,implementation-source,2.6.17,aligned,https://github.com/milvus-io/milvus/blob/v2.6.17/internal/distributed/proxy/httpserver/constant.go
milvus_006,milvus_state_entities_delete_001,milvus,2.6.10,implementation-source,2.6.17,aligned,https://github.com/milvus-io/milvus/blob/v2.6.17/internal/distributed/proxy/httpserver/constant.go
milvus_006,milvus_state_entities_insert_001,milvus,2.6.10,implementation-source,2.6.17,aligned,https://github.com/milvus-io/milvus/blob/v2.6.17/internal/distributed/proxy/httpserver/constant.go
milvus_006,milvus_type_collections_create_001,milvus,2.6.10,vendor-documentation,2.6,aligned,https://milvus.io/api-reference/restful/v2.6.x/v2/Collection%20(v2)/Create.md
milvus_006,milvus_type_collections_drop_001,milvus,2.6.10,vendor-documentation,2.6,aligned,https://milvus.io/api-reference/restful/v2.6.x/v2/Collection%20(v2)/Drop.md
milvus_006,milvus_type_collections_load_001,milvus,2.6.10,vendor-documentation,2.6,aligned,https://milvus.io/api-reference/restful/v2.6.x/v2/Collection%20(v2)/Load.md
milvus_006,milvus_type_collections_rename_001,milvus,2.6.10,vendor-documentation,2.6,aligned,https://milvus.io/api-reference/restful/v2.6.x/v2/Collection%20(v2)/Rename.md
milvus_006,milvus_type_entities_delete_001,milvus,2.6.10,implementation-source,2.6.17,aligned,https://github.com/milvus-io/milvus/blob/v2.6.17/internal/distributed/proxy/httpserver/constant.go
milvus_006,milvus_type_entities_get_001,milvus,2.6.10,vendor-documentation,2.6,aligned,https://milvus.io/api-reference/restful/v2.6.x/v2/Vector%20(v2)/Get.md
milvus_006,milvus_type_entities_insert_001,milvus,2.6.10,implementation-source,2.6.17,aligned,https://github.com/milvus-io/milvus/blob/v2.6.17/internal/distributed/proxy/httpserver/constant.go
milvus_006,milvus_type_entities_search_001,milvus,2.6.10,vendor-documentation,2.6,aligned,https://milvus.io/api-reference/restful/v2.6.x/v2/Vector%20(v2)/Search.md
milvus_006,milvus_type_entities_upsert_001,milvus,2.6.10,implementation-source,2.6.17,aligned,https://github.com/milvus-io/milvus/blob/v2.6.17/internal/distributed/proxy/httpserver/constant.go
milvus_007,milvus_behavioral_collections_create_001,milvus,2.6.10,vendor-documentation,2.6,aligned,https://milvus.io/api-reference/restful/v2.6.x/v2/Collection%20(v2)/Create.md
milvus_007,milvus_behavioral_entities_delete_001,milvus,2.6.10,implementation-source,2.6.17,aligned,https://github.com/milvus-io/milvus/blob/v2.6.17/internal/distributed/proxy/httpserver/constant.go
milvus_007,milvus_behavioral_entities_get_001,milvus,2.6.10,vendor-documentation,2.6,aligned,https://milvus.io/api-reference/restful/v2.6.x/v2/Vector%20(v2)/Get.md
milvus_007,milvus_behavioral_entities_search_001,milvus,2.6.10,vendor-documentation,2.6,aligned,https://milvus.io/api-reference/restful/v2.6.x/v2/Vector%20(v2)/Search.md
milvus_007,milvus_range_entities_insert_001,milvus,2.6.10,implementation-source,2.6.17,aligned,https://github.com/milvus-io/milvus/blob/v2.6.17/internal/distributed/proxy/httpserver/constant.go
milvus_007,milvus_range_entities_search_001,milvus,2.6.10,vendor-documentation,2.6,aligned,https://milvus.io/api-reference/restful/v2.6.x/v2/Vector%20(v2)/Search.md
milvus_007,milvus_range_entities_search_002,milvus,2.6.10,vendor-documentation,2.6,aligned,https://milvus.io/api-reference/restful/v2.6.x/v2/Vector%20(v2)/Search.md
milvus_007,milvus_state_collections_create_001,milvus,2.6.10,vendor-documentation,2.6,aligned,https://milvus.io/api-reference/restful/v2.6.x/v2/Collection%20(v2)/Create.md
milvus_007,milvus_state_collections_drop_001,milvus,2.6.10,vendor-documentation,2.6,aligned,https://milvus.io/api-reference/restful/v2.6.x/v2/Collection%20(v2)/Drop.md
milvus_007,milvus_state_databases_drop_001,milvus,2.6.10,implementation-source,2.6.17,aligned,https://github.com/milvus-io/milvus/blob/v2.6.17/internal/distributed/proxy/httpserver/constant.go
milvus_007,milvus_state_entities_delete_001,milvus,2.6.10,implementation-source,2.6.17,aligned,https://github.com/milvus-io/milvus/blob/v2.6.17/internal/distributed/proxy/httpserver/constant.go
milvus_007,milvus_state_entities_search_001,milvus,2.6.10,vendor-documentation,2.6,aligned,https://milvus.io/api-reference/restful/v2.6.x/v2/Vector%20(v2)/Search.md
milvus_007,milvus_type_collections_create_001,milvus,2.6.10,vendor-documentation,2.6,aligned,https://milvus.io/api-reference/restful/v2.6.x/v2/Collection%20(v2)/Create.md
milvus_007,milvus_type_collections_drop_001,milvus,2.6.10,vendor-documentation,2.6,aligned,https://milvus.io/api-reference/restful/v2.6.x/v2/Collection%20(v2)/Drop.md
milvus_007,milvus_type_collections_load_001,milvus,2.6.10,vendor-documentation,2.6,aligned,https://milvus.io/api-reference/restful/v2.6.x/v2/Collection%20(v2)/Load.md
milvus_007,milvus_type_collections_rename_001,milvus,2.6.10,vendor-documentation,2.6,aligned,https://milvus.io/api-reference/restful/v2.6.x/v2/Collection%20(v2)/Rename.md
milvus_007,milvus_type_entities_delete_001,milvus,2.6.10,implementation-source,2.6.17,aligned,https://github.com/milvus-io/milvus/blob/v2.6.17/internal/distributed/proxy/httpserver/constant.go
milvus_007,milvus_type_entities_get_001,milvus,2.6.10,vendor-documentation,2.6,aligned,https://milvus.io/api-reference/restful/v2.6.x/v2/Vector%20(v2)/Get.md
milvus_007,milvus_type_entities_insert_001,milvus,2.6.10,implementation-source,2.6.17,aligned,https://github.com/milvus-io/milvus/blob/v2.6.17/internal/distributed/proxy/httpserver/constant.go
milvus_007,milvus_type_entities_search_001,milvus,2.6.10,vendor-documentation,2.6,aligned,https://milvus.io/api-reference/restful/v2.6.x/v2/Vector%20(v2)/Search.md
milvus_007,milvus_type_entities_upsert_001,milvus,2.6.10,implementation-source,2.6.17,aligned,https://github.com/milvus-io/milvus/blob/v2.6.17/internal/distributed/proxy/httpserver/constant.go
milvus_008,milvus_behavioral_collections_create_001,milvus,2.6.12,vendor-documentation,2.6,aligned,https://milvus.io/api-reference/restful/v2.6.x/v2/Collection%20(v2)/Create.md
milvus_008,milvus_behavioral_entities_delete_001,milvus,2.6.12,implementation-source,2.6.17,aligned,https://github.com/milvus-io/milvus/blob/v2.6.17/internal/distributed/proxy/httpserver/constant.go
milvus_008,milvus_behavioral_entities_get_001,milvus,2.6.12,vendor-documentation,2.6,aligned,https://milvus.io/api-reference/restful/v2.6.x/v2/Vector%20(v2)/Get.md
milvus_008,milvus_behavioral_entities_search_001,milvus,2.6.12,vendor-documentation,2.6,aligned,https://milvus.io/api-reference/restful/v2.6.x/v2/Vector%20(v2)/Search.md
milvus_008,milvus_range_entities_insert_001,milvus,2.6.12,implementation-source,2.6.17,aligned,https://github.com/milvus-io/milvus/blob/v2.6.17/internal/distributed/proxy/httpserver/constant.go
milvus_008,milvus_range_entities_search_001,milvus,2.6.12,vendor-documentation,2.6,aligned,https://milvus.io/api-reference/restful/v2.6.x/v2/Vector%20(v2)/Search.md
milvus_008,milvus_range_entities_search_002,milvus,2.6.12,vendor-documentation,2.6,aligned,https://milvus.io/api-reference/restful/v2.6.x/v2/Vector%20(v2)/Search.md
milvus_008,milvus_state_collections_create_001,milvus,2.6.12,vendor-documentation,2.6,aligned,https://milvus.io/api-reference/restful/v2.6.x/v2/Collection%20(v2)/Create.md
milvus_008,milvus_state_collections_drop_001,milvus,2.6.12,vendor-documentation,2.6,aligned,https://milvus.io/api-reference/restful/v2.6.x/v2/Collection%20(v2)/Drop.md
milvus_008,milvus_state_databases_drop_001,milvus,2.6.12,implementation-source,2.6.17,aligned,https://github.com/milvus-io/milvus/blob/v2.6.17/internal/distributed/proxy/httpserver/constant.go
milvus_008,milvus_state_entities_delete_001,milvus,2.6.12,implementation-source,2.6.17,aligned,https://github.com/milvus-io/milvus/blob/v2.6.17/internal/distributed/proxy/httpserver/constant.go
milvus_008,milvus_state_entities_search_001,milvus,2.6.12,vendor-documentation,2.6,aligned,https://milvus.io/api-reference/restful/v2.6.x/v2/Vector%20(v2)/Search.md
milvus_008,milvus_type_collections_create_001,milvus,2.6.12,vendor-documentation,2.6,aligned,https://milvus.io/api-reference/restful/v2.6.x/v2/Collection%20(v2)/Create.md
milvus_008,milvus_type_collections_drop_001,milvus,2.6.12,vendor-documentation,2.6,aligned,https://milvus.io/api-reference/restful/v2.6.x/v2/Collection%20(v2)/Drop.md
milvus_008,milvus_type_collections_load_001,milvus,2.6.12,vendor-documentation,2.6,aligned,https://milvus.io/api-reference/restful/v2.6.x/v2/Collection%20(v2)/Load.md
milvus_008,milvus_type_collections_rename_001,milvus,2.6.12,vendor-documentation,2.6,aligned,https://milvus.io/api-reference/restful/v2.6.x/v2/Collection%20(v2)/Rename.md
milvus_008,milvus_type_entities_delete_001,milvus,2.6.12,implementation-source,2.6.17,aligned,https://github.com/milvus-io/milvus/blob/v2.6.17/internal/distributed/proxy/httpserver/constant.go
milvus_008,milvus_type_entities_get_001,milvus,2.6.12,vendor-documentation,2.6,aligned,https://milvus.io/api-reference/restful/v2.6.x/v2/Vector%20(v2)/Get.md
milvus_008,milvus_type_entities_insert_001,milvus,2.6.12,implementation-source,2.6.17,aligned,https://github.com/milvus-io/milvus/blob/v2.6.17/internal/distributed/proxy/httpserver/constant.go
milvus_008,milvus_type_entities_search_001,milvus,2.6.12,vendor-documentation,2.6,aligned,https://milvus.io/api-reference/restful/v2.6.x/v2/Vector%20(v2)/Search.md
milvus_008,milvus_type_entities_upsert_001,milvus,2.6.12,implementation-source,2.6.17,aligned,https://github.com/milvus-io/milvus/blob/v2.6.17/internal/distributed/proxy/httpserver/constant.go
milvus_009,milvus_behavioral_collections_create_001,milvus,2.6.16,vendor-documentation,2.6,aligned,https://milvus.io/api-reference/restful/v2.6.x/v2/Collection%20(v2)/Create.md
milvus_009,milvus_behavioral_entities_delete_001,milvus,2.6.16,implementation-source,2.6.17,aligned,https://github.com/milvus-io/milvus/blob/v2.6.17/internal/distributed/proxy/httpserver/constant.go
milvus_009,milvus_behavioral_entities_get_001,milvus,2.6.16,vendor-documentation,2.6,aligned,https://milvus.io/api-reference/restful/v2.6.x/v2/Vector%20(v2)/Get.md
milvus_009,milvus_behavioral_entities_search_001,milvus,2.6.16,vendor-documentation,2.6,aligned,https://milvus.io/api-reference/restful/v2.6.x/v2/Vector%20(v2)/Search.md
milvus_009,milvus_range_entities_insert_001,milvus,2.6.16,implementation-source,2.6.17,aligned,https://github.com/milvus-io/milvus/blob/v2.6.17/internal/distributed/proxy/httpserver/constant.go
milvus_009,milvus_range_entities_search_001,milvus,2.6.16,vendor-documentation,2.6,aligned,https://milvus.io/api-reference/restful/v2.6.x/v2/Vector%20(v2)/Search.md
milvus_009,milvus_range_entities_search_002,milvus,2.6.16,vendor-documentation,2.6,aligned,https://milvus.io/api-reference/restful/v2.6.x/v2/Vector%20(v2)/Search.md
milvus_009,milvus_state_collections_create_001,milvus,2.6.16,vendor-documentation,2.6,aligned,https://milvus.io/api-reference/restful/v2.6.x/v2/Collection%20(v2)/Create.md
milvus_009,milvus_state_collections_drop_001,milvus,2.6.16,vendor-documentation,2.6,aligned,https://milvus.io/api-reference/restful/v2.6.x/v2/Collection%20(v2)/Drop.md
milvus_009,milvus_state_databases_drop_001,milvus,2.6.16,implementation-source,2.6.17,aligned,https://github.com/milvus-io/milvus/blob/v2.6.17/internal/distributed/proxy/httpserver/constant.go
milvus_009,milvus_state_entities_delete_001,milvus,2.6.16,implementation-source,2.6.17,aligned,https://github.com/milvus-io/milvus/blob/v2.6.17/internal/distributed/proxy/httpserver/constant.go
milvus_009,milvus_state_entities_search_001,milvus,2.6.16,vendor-documentation,2.6,aligned,https://milvus.io/api-reference/restful/v2.6.x/v2/Vector%20(v2)/Search.md
milvus_009,milvus_type_collections_create_001,milvus,2.6.16,vendor-documentation,2.6,aligned,https://milvus.io/api-reference/restful/v2.6.x/v2/Collection%20(v2)/Create.md
milvus_009,milvus_type_collections_drop_001,milvus,2.6.16,vendor-documentation,2.6,aligned,https://milvus.io/api-reference/restful/v2.6.x/v2/Collection%20(v2)/Drop.md
milvus_009,milvus_type_collections_load_001,milvus,2.6.16,vendor-documentation,2.6,aligned,https://milvus.io/api-reference/restful/v2.6.x/v2/Collection%20(v2)/Load.md
milvus_009,milvus_type_collections_rename_001,milvus,2.6.16,vendor-documentation,2.6,aligned,https://milvus.io/api-reference/restful/v2.6.x/v2/Collection%20(v2)/Rename.md
milvus_009,milvus_type_entities_delete_001,milvus,2.6.16,implementation-source,2.6.17,aligned,https://github.com/milvus-io/milvus/blob/v2.6.17/internal/distributed/proxy/httpserver/constant.go
milvus_009,milvus_type_entities_get_001,milvus,2.6.16,vendor-documentation,2.6,aligned,https://milvus.io/api-reference/restful/v2.6.x/v2/Vector%20(v2)/Get.md
milvus_009,milvus_type_entities_insert_001,milvus,2.6.16,implementation-source,2.6.17,aligned,https://github.com/milvus-io/milvus/blob/v2.6.17/internal/distributed/proxy/httpserver/constant.go
milvus_009,milvus_type_entities_search_001,milvus,2.6.16,vendor-documentation,2.6,aligned,https://milvus.io/api-reference/restful/v2.6.x/v2/Vector%20(v2)/Search.md
milvus_009,milvus_type_entities_upsert_001,milvus,2.6.16,implementation-source,2.6.17,aligned,https://github.com/milvus-io/milvus/blob/v2.6.17/internal/distributed/proxy/httpserver/constant.go
milvus_010,milvus_behavioral_collections_create_001,milvus,2.6.16,vendor-documentation,2.6,aligned,https://milvus.io/api-reference/restful/v2.6.x/v2/Collection%20(v2)/Create.md
milvus_010,milvus_behavioral_collections_create_002,milvus,2.6.16,vendor-documentation,2.6,aligned,https://milvus.io/api-reference/restful/v2.6.x/v2/Collection%20(v2)/Create.md
milvus_010,milvus_behavioral_collections_describe_001,milvus,2.6.16,vendor-documentation,2.6,aligned,https://milvus.io/api-reference/restful/v2.6.x/v2/Collection%20(v2)/Create.md
milvus_010,milvus_range_collections_create_001,milvus,2.6.16,vendor-documentation,2.6,aligned,https://milvus.io/api-reference/restful/v2.6.x/v2/Collection%20(v2)/Create.md
milvus_010,milvus_range_collections_create_002,milvus,2.6.16,vendor-documentation,2.6,aligned,https://milvus.io/api-reference/restful/v2.6.x/v2/Collection%20(v2)/Create.md
milvus_010,milvus_range_collections_create_003,milvus,2.6.16,vendor-documentation,2.6,aligned,https://milvus.io/api-reference/restful/v2.6.x/v2/Collection%20(v2)/Create.md
milvus_010,milvus_range_collections_create_004,milvus,2.6.16,vendor-documentation,2.6,aligned,https://milvus.io/api-reference/restful/v2.6.x/v2/Collection%20(v2)/Create.md
milvus_010,milvus_range_collections_create_005,milvus,2.6.16,vendor-documentation,2.6,aligned,https://milvus.io/api-reference/restful/v2.6.x/v2/Collection%20(v2)/Create.md
milvus_010,milvus_range_entities_insert_001,milvus,2.6.16,implementation-source,2.6.17,aligned,https://github.com/milvus-io/milvus/blob/v2.6.17/internal/distributed/proxy/httpserver/constant.go
milvus_010,milvus_state_collections_create_001,milvus,2.6.16,vendor-documentation,2.6,aligned,https://milvus.io/api-reference/restful/v2.6.x/v2/Collection%20(v2)/Create.md
milvus_010,milvus_state_entities_insert_001,milvus,2.6.16,implementation-source,2.6.17,aligned,https://github.com/milvus-io/milvus/blob/v2.6.17/internal/distributed/proxy/httpserver/constant.go
milvus_010,milvus_type_collections_create_001,milvus,2.6.16,vendor-documentation,2.6,aligned,https://milvus.io/api-reference/restful/v2.6.x/v2/Collection%20(v2)/Create.md
milvus_010,milvus_type_collections_create_002,milvus,2.6.16,vendor-documentation,2.6,aligned,https://milvus.io/api-reference/restful/v2.6.x/v2/Collection%20(v2)/Create.md
milvus_010,milvus_type_collections_create_003,milvus,2.6.16,vendor-documentation,2.6,aligned,https://milvus.io/api-reference/restful/v2.6.x/v2/Collection%20(v2)/Create.md
milvus_010,milvus_type_collections_drop_001,milvus,2.6.16,vendor-documentation,2.6,aligned,https://milvus.io/api-reference/restful/v2.6.x/v2/Collection%20(v2)/Drop.md
milvus_010,milvus_type_collections_load_001,milvus,2.6.16,vendor-documentation,2.6,aligned,https://milvus.io/api-reference/restful/v2.6.x/v2/Collection%20(v2)/Load.md
milvus_010,milvus_type_collections_rename_001,milvus,2.6.16,vendor-documentation,2.6,aligned,https://milvus.io/api-reference/restful/v2.6.x/v2/Collection%20(v2)/Rename.md
milvus_010,milvus_type_entities_insert_001,milvus,2.6.16,implementation-source,2.6.17,aligned,https://github.com/milvus-io/milvus/blob/v2.6.17/internal/distributed/proxy/httpserver/constant.go
milvus_010,milvus_type_entities_search_001,milvus,2.6.16,vendor-documentation,2.6,aligned,https://milvus.io/api-reference/restful/v2.6.x/v2/Vector%20(v2)/Search.md
milvus_010,milvus_type_entities_upsert_001,milvus,2.6.16,implementation-source,2.6.17,aligned,https://github.com/milvus-io/milvus/blob/v2.6.17/internal/distributed/proxy/httpserver/constant.go
milvus_011,milvus_behavioral_collections_create_001,milvus,2.6.16,vendor-documentation,2.6,aligned,https://milvus.io/api-reference/restful/v2.6.x/v2/Collection%20(v2)/Create.md
milvus_011,milvus_behavioral_entities_delete_001,milvus,2.6.16,implementation-source,2.6.17,aligned,https://github.com/milvus-io/milvus/blob/v2.6.17/internal/distributed/proxy/httpserver/constant.go
milvus_011,milvus_behavioral_entities_get_001,milvus,2.6.16,vendor-documentation,2.6,aligned,https://milvus.io/api-reference/restful/v2.6.x/v2/Vector%20(v2)/Get.md
milvus_011,milvus_range_entities_insert_001,milvus,2.6.16,implementation-source,2.6.17,aligned,https://github.com/milvus-io/milvus/blob/v2.6.17/internal/distributed/proxy/httpserver/constant.go
milvus_011,milvus_range_entities_query_001,milvus,2.6.16,implementation-source,2.6.17,aligned,https://github.com/milvus-io/milvus/blob/v2.6.17/internal/distributed/proxy/httpserver/constant.go
milvus_011,milvus_range_entities_search_001,milvus,2.6.16,vendor-documentation,2.6,aligned,https://milvus.io/api-reference/restful/v2.6.x/v2/Vector%20(v2)/Search.md
milvus_011,milvus_state_collections_create_001,milvus,2.6.16,vendor-documentation,2.6,aligned,https://milvus.io/api-reference/restful/v2.6.x/v2/Collection%20(v2)/Create.md
milvus_011,milvus_state_collections_drop_001,milvus,2.6.16,vendor-documentation,2.6,aligned,https://milvus.io/api-reference/restful/v2.6.x/v2/Collection%20(v2)/Drop.md
milvus_011,milvus_state_databases_drop_001,milvus,2.6.16,implementation-source,2.6.17,aligned,https://github.com/milvus-io/milvus/blob/v2.6.17/internal/distributed/proxy/httpserver/constant.go
milvus_011,milvus_state_entities_delete_001,milvus,2.6.16,implementation-source,2.6.17,aligned,https://github.com/milvus-io/milvus/blob/v2.6.17/internal/distributed/proxy/httpserver/constant.go
milvus_011,milvus_type_collections_create_001,milvus,2.6.16,vendor-documentation,2.6,aligned,https://milvus.io/api-reference/restful/v2.6.x/v2/Collection%20(v2)/Create.md
milvus_011,milvus_type_collections_drop_001,milvus,2.6.16,vendor-documentation,2.6,aligned,https://milvus.io/api-reference/restful/v2.6.x/v2/Collection%20(v2)/Drop.md
milvus_011,milvus_type_collections_load_001,milvus,2.6.16,vendor-documentation,2.6,aligned,https://milvus.io/api-reference/restful/v2.6.x/v2/Collection%20(v2)/Load.md
milvus_011,milvus_type_collections_rename_001,milvus,2.6.16,vendor-documentation,2.6,aligned,https://milvus.io/api-reference/restful/v2.6.x/v2/Collection%20(v2)/Rename.md
milvus_011,milvus_type_entities_delete_001,milvus,2.6.16,implementation-source,2.6.17,aligned,https://github.com/milvus-io/milvus/blob/v2.6.17/internal/distributed/proxy/httpserver/constant.go
milvus_011,milvus_type_entities_get_001,milvus,2.6.16,vendor-documentation,2.6,aligned,https://milvus.io/api-reference/restful/v2.6.x/v2/Vector%20(v2)/Get.md
milvus_011,milvus_type_entities_insert_001,milvus,2.6.16,implementation-source,2.6.17,aligned,https://github.com/milvus-io/milvus/blob/v2.6.17/internal/distributed/proxy/httpserver/constant.go
milvus_011,milvus_type_entities_query_001,milvus,2.6.16,implementation-source,2.6.17,aligned,https://github.com/milvus-io/milvus/blob/v2.6.17/internal/distributed/proxy/httpserver/constant.go
milvus_011,milvus_type_entities_search_001,milvus,2.6.16,vendor-documentation,2.6,aligned,https://milvus.io/api-reference/restful/v2.6.x/v2/Vector%20(v2)/Search.md
milvus_011,milvus_type_entities_upsert_001,milvus,2.6.16,implementation-source,2.6.17,aligned,https://github.com/milvus-io/milvus/blob/v2.6.17/internal/distributed/proxy/httpserver/constant.go
milvus_012,milvus_behavioral_collections_create_001,milvus,2.6.16,vendor-documentation,2.6,aligned,https://milvus.io/api-reference/restful/v2.6.x/v2/Collection%20(v2)/Create.md
milvus_012,milvus_range_entities_insert_001,milvus,2.6.16,implementation-source,2.6.17,aligned,https://github.com/milvus-io/milvus/blob/v2.6.17/internal/distributed/proxy/httpserver/constant.go
milvus_012,milvus_range_entities_search_001,milvus,2.6.16,vendor-documentation,2.6,aligned,https://milvus.io/api-reference/restful/v2.6.x/v2/Vector%20(v2)/Search.md
milvus_012,milvus_state_collections_create_001,milvus,2.6.16,vendor-documentation,2.6,aligned,https://milvus.io/api-reference/restful/v2.6.x/v2/Collection%20(v2)/Create.md
milvus_012,milvus_state_collections_drop_001,milvus,2.6.16,vendor-documentation,2.6,aligned,https://milvus.io/api-reference/restful/v2.6.x/v2/Collection%20(v2)/Drop.md
milvus_012,milvus_state_databases_drop_001,milvus,2.6.16,implementation-source,2.6.17,aligned,https://github.com/milvus-io/milvus/blob/v2.6.17/internal/distributed/proxy/httpserver/constant.go
milvus_012,milvus_type_collections_create_001,milvus,2.6.16,vendor-documentation,2.6,aligned,https://milvus.io/api-reference/restful/v2.6.x/v2/Collection%20(v2)/Create.md
milvus_012,milvus_type_collections_drop_001,milvus,2.6.16,vendor-documentation,2.6,aligned,https://milvus.io/api-reference/restful/v2.6.x/v2/Collection%20(v2)/Drop.md
milvus_012,milvus_type_collections_load_001,milvus,2.6.16,vendor-documentation,2.6,aligned,https://milvus.io/api-reference/restful/v2.6.x/v2/Collection%20(v2)/Load.md
milvus_012,milvus_type_collections_rename_001,milvus,2.6.16,vendor-documentation,2.6,aligned,https://milvus.io/api-reference/restful/v2.6.x/v2/Collection%20(v2)/Rename.md
milvus_012,milvus_type_entities_insert_001,milvus,2.6.16,implementation-source,2.6.17,aligned,https://github.com/milvus-io/milvus/blob/v2.6.17/internal/distributed/proxy/httpserver/constant.go
milvus_012,milvus_type_entities_search_001,milvus,2.6.16,vendor-documentation,2.6,aligned,https://milvus.io/api-reference/restful/v2.6.x/v2/Vector%20(v2)/Search.md
milvus_012,milvus_type_entities_upsert_001,milvus,2.6.16,implementation-source,2.6.17,aligned,https://github.com/milvus-io/milvus/blob/v2.6.17/internal/distributed/proxy/httpserver/constant.go
milvus_013,milvus_behavioral_collections_create_001,milvus,2.6.16,vendor-documentation,2.6,aligned,https://milvus.io/api-reference/restful/v2.6.x/v2/Collection%20(v2)/Create.md
milvus_013,milvus_behavioral_collections_drop_001,milvus,2.6.16,vendor-documentation,2.6,aligned,https://milvus.io/api-reference/restful/v2.6.x/v2/Collection%20(v2)/Drop.md
milvus_013,milvus_behavioral_collections_get_stats_001,milvus,2.6.16,implementation-source,2.6.17,aligned,https://github.com/milvus-io/milvus/blob/v2.6.17/internal/distributed/proxy/httpserver/constant.go
milvus_013,milvus_behavioral_collections_has_001,milvus,2.6.16,implementation-source,2.6.17,aligned,https://github.com/milvus-io/milvus/blob/v2.6.17/internal/distributed/proxy/httpserver/constant.go
milvus_013,milvus_behavioral_entities_insert_001,milvus,2.6.16,implementation-source,2.6.17,aligned,https://github.com/milvus-io/milvus/blob/v2.6.17/internal/distributed/proxy/httpserver/constant.go
milvus_013,milvus_range_entities_insert_001,milvus,2.6.16,implementation-source,2.6.17,aligned,https://github.com/milvus-io/milvus/blob/v2.6.17/internal/distributed/proxy/httpserver/constant.go
milvus_013,milvus_range_entities_search_001,milvus,2.6.16,vendor-documentation,2.6,aligned,https://milvus.io/api-reference/restful/v2.6.x/v2/Vector%20(v2)/Search.md
milvus_013,milvus_state_collections_create_001,milvus,2.6.16,vendor-documentation,2.6,aligned,https://milvus.io/api-reference/restful/v2.6.x/v2/Collection%20(v2)/Create.md
milvus_013,milvus_state_collections_drop_001,milvus,2.6.16,vendor-documentation,2.6,aligned,https://milvus.io/api-reference/restful/v2.6.x/v2/Collection%20(v2)/Drop.md
milvus_013,milvus_state_databases_drop_001,milvus,2.6.16,implementation-source,2.6.17,aligned,https://github.com/milvus-io/milvus/blob/v2.6.17/internal/distributed/proxy/httpserver/constant.go
milvus_013,milvus_type_entities_insert_001,milvus,2.6.16,implementation-source,2.6.17,aligned,https://github.com/milvus-io/milvus/blob/v2.6.17/internal/distributed/proxy/httpserver/constant.go
milvus_013,milvus_type_entities_search_001,milvus,2.6.16,vendor-documentation,2.6,aligned,https://milvus.io/api-reference/restful/v2.6.x/v2/Vector%20(v2)/Search.md
milvus_013,milvus_type_entities_upsert_001,milvus,2.6.16,implementation-source,2.6.17,aligned,https://github.com/milvus-io/milvus/blob/v2.6.17/internal/distributed/proxy/httpserver/constant.go
milvus_014,milvus_behavioral_collections_create_001,milvus,2.6.16,vendor-documentation,2.6,aligned,https://milvus.io/api-reference/restful/v2.6.x/v2/Collection%20(v2)/Create.md
milvus_014,milvus_behavioral_collections_create_002,milvus,2.6.16,vendor-documentation,2.6,aligned,https://milvus.io/api-reference/restful/v2.6.x/v2/Collection%20(v2)/Create.md
milvus_014,milvus_range_collections_create_001,milvus,2.6.16,vendor-documentation,2.6,aligned,https://milvus.io/api-reference/restful/v2.6.x/v2/Collection%20(v2)/Create.md
milvus_014,milvus_range_collections_create_002,milvus,2.6.16,vendor-documentation,2.6,aligned,https://milvus.io/api-reference/restful/v2.6.x/v2/Collection%20(v2)/Create.md
milvus_014,milvus_range_collections_create_003,milvus,2.6.16,vendor-documentation,2.6,aligned,https://milvus.io/api-reference/restful/v2.6.x/v2/Collection%20(v2)/Create.md
milvus_014,milvus_range_collections_create_004,milvus,2.6.16,vendor-documentation,2.6,aligned,https://milvus.io/api-reference/restful/v2.6.x/v2/Collection%20(v2)/Create.md
milvus_014,milvus_range_collections_create_005,milvus,2.6.16,vendor-documentation,2.6,aligned,https://milvus.io/api-reference/restful/v2.6.x/v2/Collection%20(v2)/Create.md
milvus_014,milvus_range_entities_insert_001,milvus,2.6.16,implementation-source,2.6.17,aligned,https://github.com/milvus-io/milvus/blob/v2.6.17/internal/distributed/proxy/httpserver/constant.go
milvus_014,milvus_range_entities_search_001,milvus,2.6.16,vendor-documentation,2.6,aligned,https://milvus.io/api-reference/restful/v2.6.x/v2/Vector%20(v2)/Search.md
milvus_014,milvus_state_collections_create_001,milvus,2.6.16,vendor-documentation,2.6,aligned,https://milvus.io/api-reference/restful/v2.6.x/v2/Collection%20(v2)/Create.md
milvus_014,milvus_state_collections_drop_001,milvus,2.6.16,vendor-documentation,2.6,aligned,https://milvus.io/api-reference/restful/v2.6.x/v2/Collection%20(v2)/Drop.md
milvus_014,milvus_state_entities_insert_001,milvus,2.6.16,implementation-source,2.6.17,aligned,https://github.com/milvus-io/milvus/blob/v2.6.17/internal/distributed/proxy/httpserver/constant.go
milvus_014,milvus_type_collections_create_001,milvus,2.6.16,vendor-documentation,2.6,aligned,https://milvus.io/api-reference/restful/v2.6.x/v2/Collection%20(v2)/Create.md
milvus_014,milvus_type_collections_create_002,milvus,2.6.16,vendor-documentation,2.6,aligned,https://milvus.io/api-reference/restful/v2.6.x/v2/Collection%20(v2)/Create.md
milvus_014,milvus_type_collections_create_003,milvus,2.6.16,vendor-documentation,2.6,aligned,https://milvus.io/api-reference/restful/v2.6.x/v2/Collection%20(v2)/Create.md
milvus_014,milvus_type_collections_drop_001,milvus,2.6.16,vendor-documentation,2.6,aligned,https://milvus.io/api-reference/restful/v2.6.x/v2/Collection%20(v2)/Drop.md
milvus_014,milvus_type_collections_load_001,milvus,2.6.16,vendor-documentation,2.6,aligned,https://milvus.io/api-reference/restful/v2.6.x/v2/Collection%20(v2)/Load.md
milvus_014,milvus_type_collections_rename_001,milvus,2.6.16,vendor-documentation,2.6,aligned,https://milvus.io/api-reference/restful/v2.6.x/v2/Collection%20(v2)/Rename.md
milvus_014,milvus_type_entities_insert_001,milvus,2.6.16,implementation-source,2.6.17,aligned,https://github.com/milvus-io/milvus/blob/v2.6.17/internal/distributed/proxy/httpserver/constant.go
milvus_014,milvus_type_entities_search_001,milvus,2.6.16,vendor-documentation,2.6,aligned,https://milvus.io/api-reference/restful/v2.6.x/v2/Vector%20(v2)/Search.md
milvus_014,milvus_type_entities_upsert_001,milvus,2.6.16,implementation-source,2.6.17,aligned,https://github.com/milvus-io/milvus/blob/v2.6.17/internal/distributed/proxy/httpserver/constant.go
milvus_015,milvus_behavioral_collections_create_001,milvus,2.6.16,vendor-documentation,2.6,aligned,https://milvus.io/api-reference/restful/v2.6.x/v2/Collection%20(v2)/Create.md
milvus_015,milvus_behavioral_indexes_create_001,milvus,2.6.16,implementation-source,2.6.17,aligned,https://github.com/milvus-io/milvus/blob/v2.6.17/internal/distributed/proxy/httpserver/constant.go
milvus_015,milvus_range_entities_insert_001,milvus,2.6.16,implementation-source,2.6.17,aligned,https://github.com/milvus-io/milvus/blob/v2.6.17/internal/distributed/proxy/httpserver/constant.go
milvus_015,milvus_range_entities_search_001,milvus,2.6.16,vendor-documentation,2.6,aligned,https://milvus.io/api-reference/restful/v2.6.x/v2/Vector%20(v2)/Search.md
milvus_015,milvus_range_indexes_create_001,milvus,2.6.16,implementation-source,2.6.17,aligned,https://github.com/milvus-io/milvus/blob/v2.6.17/internal/distributed/proxy/httpserver/constant.go
milvus_015,milvus_range_indexes_create_002,milvus,2.6.16,implementation-source,2.6.17,aligned,https://github.com/milvus-io/milvus/blob/v2.6.17/internal/distributed/proxy/httpserver/constant.go
milvus_015,milvus_range_indexes_create_003,milvus,2.6.16,implementation-source,2.6.17,aligned,https://github.com/milvus-io/milvus/blob/v2.6.17/internal/distributed/proxy/httpserver/constant.go
milvus_015,milvus_state_collections_create_001,milvus,2.6.16,vendor-documentation,2.6,aligned,https://milvus.io/api-reference/restful/v2.6.x/v2/Collection%20(v2)/Create.md
milvus_015,milvus_state_collections_drop_001,milvus,2.6.16,vendor-documentation,2.6,aligned,https://milvus.io/api-reference/restful/v2.6.x/v2/Collection%20(v2)/Drop.md
milvus_015,milvus_state_databases_drop_001,milvus,2.6.16,implementation-source,2.6.17,aligned,https://github.com/milvus-io/milvus/blob/v2.6.17/internal/distributed/proxy/httpserver/constant.go
milvus_015,milvus_state_indexes_create_001,milvus,2.6.16,implementation-source,2.6.17,aligned,https://github.com/milvus-io/milvus/blob/v2.6.17/internal/distributed/proxy/httpserver/constant.go
milvus_015,milvus_type_collections_create_001,milvus,2.6.16,vendor-documentation,2.6,aligned,https://milvus.io/api-reference/restful/v2.6.x/v2/Collection%20(v2)/Create.md
milvus_015,milvus_type_collections_drop_001,milvus,2.6.16,vendor-documentation,2.6,aligned,https://milvus.io/api-reference/restful/v2.6.x/v2/Collection%20(v2)/Drop.md
milvus_015,milvus_type_collections_load_001,milvus,2.6.16,vendor-documentation,2.6,aligned,https://milvus.io/api-reference/restful/v2.6.x/v2/Collection%20(v2)/Load.md
milvus_015,milvus_type_collections_rename_001,milvus,2.6.16,vendor-documentation,2.6,aligned,https://milvus.io/api-reference/restful/v2.6.x/v2/Collection%20(v2)/Rename.md
milvus_015,milvus_type_entities_insert_001,milvus,2.6.16,implementation-source,2.6.17,aligned,https://github.com/milvus-io/milvus/blob/v2.6.17/internal/distributed/proxy/httpserver/constant.go
milvus_015,milvus_type_entities_search_001,milvus,2.6.16,vendor-documentation,2.6,aligned,https://milvus.io/api-reference/restful/v2.6.x/v2/Vector%20(v2)/Search.md
milvus_015,milvus_type_entities_upsert_001,milvus,2.6.16,implementation-source,2.6.17,aligned,https://github.com/milvus-io/milvus/blob/v2.6.17/internal/distributed/proxy/httpserver/constant.go
milvus_015,milvus_type_indexes_create_001,milvus,2.6.16,implementation-source,2.6.17,aligned,https://github.com/milvus-io/milvus/blob/v2.6.17/internal/distributed/proxy/httpserver/constant.go
milvus_016,milvus_behavioral_collections_create_001,milvus,2.6.16,vendor-documentation,2.6,aligned,https://milvus.io/api-reference/restful/v2.6.x/v2/Collection%20(v2)/Create.md
milvus_016,milvus_behavioral_entities_delete_001,milvus,2.6.16,implementation-source,2.6.17,aligned,https://github.com/milvus-io/milvus/blob/v2.6.17/internal/distributed/proxy/httpserver/constant.go
milvus_016,milvus_behavioral_entities_get_001,milvus,2.6.16,vendor-documentation,2.6,aligned,https://milvus.io/api-reference/restful/v2.6.x/v2/Vector%20(v2)/Get.md
milvus_016,milvus_behavioral_entities_search_001,milvus,2.6.16,vendor-documentation,2.6,aligned,https://milvus.io/api-reference/restful/v2.6.x/v2/Vector%20(v2)/Search.md
milvus_016,milvus_range_entities_insert_001,milvus,2.6.16,implementation-source,2.6.17,aligned,https://github.com/milvus-io/milvus/blob/v2.6.17/internal/distributed/proxy/httpserver/constant.go
milvus_016,milvus_range_entities_search_001,milvus,2.6.16,vendor-documentation,2.6,aligned,https://milvus.io/api-reference/restful/v2.6.x/v2/Vector%20(v2)/Search.md
milvus_016,milvus_range_entities_search_002,milvus,2.6.16,vendor-documentation,2.6,aligned,https://milvus.io/api-reference/restful/v2.6.x/v2/Vector%20(v2)/Search.md
milvus_016,milvus_state_collections_create_001,milvus,2.6.16,vendor-documentation,2.6,aligned,https://milvus.io/api-reference/restful/v2.6.x/v2/Collection%20(v2)/Create.md
milvus_016,milvus_state_collections_drop_001,milvus,2.6.16,vendor-documentation,2.6,aligned,https://milvus.io/api-reference/restful/v2.6.x/v2/Collection%20(v2)/Drop.md
milvus_016,milvus_state_databases_drop_001,milvus,2.6.16,implementation-source,2.6.17,aligned,https://github.com/milvus-io/milvus/blob/v2.6.17/internal/distributed/proxy/httpserver/constant.go
milvus_016,milvus_state_entities_delete_001,milvus,2.6.16,implementation-source,2.6.17,aligned,https://github.com/milvus-io/milvus/blob/v2.6.17/internal/distributed/proxy/httpserver/constant.go
milvus_016,milvus_state_entities_search_001,milvus,2.6.16,vendor-documentation,2.6,aligned,https://milvus.io/api-reference/restful/v2.6.x/v2/Vector%20(v2)/Search.md
milvus_016,milvus_type_collections_create_001,milvus,2.6.16,vendor-documentation,2.6,aligned,https://milvus.io/api-reference/restful/v2.6.x/v2/Collection%20(v2)/Create.md
milvus_016,milvus_type_collections_drop_001,milvus,2.6.16,vendor-documentation,2.6,aligned,https://milvus.io/api-reference/restful/v2.6.x/v2/Collection%20(v2)/Drop.md
milvus_016,milvus_type_collections_load_001,milvus,2.6.16,vendor-documentation,2.6,aligned,https://milvus.io/api-reference/restful/v2.6.x/v2/Collection%20(v2)/Load.md
milvus_016,milvus_type_collections_rename_001,milvus,2.6.16,vendor-documentation,2.6,aligned,https://milvus.io/api-reference/restful/v2.6.x/v2/Collection%20(v2)/Rename.md
milvus_016,milvus_type_entities_delete_001,milvus,2.6.16,implementation-source,2.6.17,aligned,https://github.com/milvus-io/milvus/blob/v2.6.17/internal/distributed/proxy/httpserver/constant.go
milvus_016,milvus_type_entities_get_001,milvus,2.6.16,vendor-documentation,2.6,aligned,https://milvus.io/api-reference/restful/v2.6.x/v2/Vector%20(v2)/Get.md
milvus_016,milvus_type_entities_insert_001,milvus,2.6.16,implementation-source,2.6.17,aligned,https://github.com/milvus-io/milvus/blob/v2.6.17/internal/distributed/proxy/httpserver/constant.go
milvus_016,milvus_type_entities_search_001,milvus,2.6.16,vendor-documentation,2.6,aligned,https://milvus.io/api-reference/restful/v2.6.x/v2/Vector%20(v2)/Search.md
milvus_016,milvus_type_entities_upsert_001,milvus,2.6.16,implementation-source,2.6.17,aligned,https://github.com/milvus-io/milvus/blob/v2.6.17/internal/distributed/proxy/httpserver/constant.go
milvus_017,milvus_behavioral_collections_create_001,milvus,2.6.16,vendor-documentation,2.6,aligned,https://milvus.io/api-reference/restful/v2.6.x/v2/Collection%20(v2)/Create.md
milvus_017,milvus_range_entities_insert_001,milvus,2.6.16,implementation-source,2.6.17,aligned,https://github.com/milvus-io/milvus/blob/v2.6.17/internal/distributed/proxy/httpserver/constant.go
milvus_017,milvus_range_entities_search_001,milvus,2.6.16,vendor-documentation,2.6,aligned,https://milvus.io/api-reference/restful/v2.6.x/v2/Vector%20(v2)/Search.md
milvus_017,milvus_state_collections_create_001,milvus,2.6.16,vendor-documentation,2.6,aligned,https://milvus.io/api-reference/restful/v2.6.x/v2/Collection%20(v2)/Create.md
milvus_017,milvus_state_collections_drop_001,milvus,2.6.16,vendor-documentation,2.6,aligned,https://milvus.io/api-reference/restful/v2.6.x/v2/Collection%20(v2)/Drop.md
milvus_017,milvus_state_databases_drop_001,milvus,2.6.16,implementation-source,2.6.17,aligned,https://github.com/milvus-io/milvus/blob/v2.6.17/internal/distributed/proxy/httpserver/constant.go
milvus_017,milvus_type_collections_create_001,milvus,2.6.16,vendor-documentation,2.6,aligned,https://milvus.io/api-reference/restful/v2.6.x/v2/Collection%20(v2)/Create.md
milvus_017,milvus_type_collections_drop_001,milvus,2.6.16,vendor-documentation,2.6,aligned,https://milvus.io/api-reference/restful/v2.6.x/v2/Collection%20(v2)/Drop.md
milvus_017,milvus_type_collections_load_001,milvus,2.6.16,vendor-documentation,2.6,aligned,https://milvus.io/api-reference/restful/v2.6.x/v2/Collection%20(v2)/Load.md
milvus_017,milvus_type_collections_rename_001,milvus,2.6.16,vendor-documentation,2.6,aligned,https://milvus.io/api-reference/restful/v2.6.x/v2/Collection%20(v2)/Rename.md
milvus_017,milvus_type_entities_insert_001,milvus,2.6.16,implementation-source,2.6.17,aligned,https://github.com/milvus-io/milvus/blob/v2.6.17/internal/distributed/proxy/httpserver/constant.go
milvus_017,milvus_type_entities_search_001,milvus,2.6.16,vendor-documentation,2.6,aligned,https://milvus.io/api-reference/restful/v2.6.x/v2/Vector%20(v2)/Search.md
milvus_017,milvus_type_entities_upsert_001,milvus,2.6.16,implementation-source,2.6.17,aligned,https://github.com/milvus-io/milvus/blob/v2.6.17/internal/distributed/proxy/httpserver/constant.go
milvus_018,milvus_behavioral_collections_create_001,milvus,2.6.16,vendor-documentation,2.6,aligned,https://milvus.io/api-reference/restful/v2.6.x/v2/Collection%20(v2)/Create.md
milvus_018,milvus_range_entities_insert_001,milvus,2.6.16,implementation-source,2.6.17,aligned,https://github.com/milvus-io/milvus/blob/v2.6.17/internal/distributed/proxy/httpserver/constant.go
milvus_018,milvus_range_entities_search_001,milvus,2.6.16,vendor-documentation,2.6,aligned,https://milvus.io/api-reference/restful/v2.6.x/v2/Vector%20(v2)/Search.md
milvus_018,milvus_state_collections_create_001,milvus,2.6.16,vendor-documentation,2.6,aligned,https://milvus.io/api-reference/restful/v2.6.x/v2/Collection%20(v2)/Create.md
milvus_018,milvus_state_collections_drop_001,milvus,2.6.16,vendor-documentation,2.6,aligned,https://milvus.io/api-reference/restful/v2.6.x/v2/Collection%20(v2)/Drop.md
milvus_018,milvus_state_collections_rename_001,milvus,2.6.16,vendor-documentation,2.6,aligned,https://milvus.io/api-reference/restful/v2.6.x/v2/Collection%20(v2)/Rename.md
milvus_018,milvus_state_databases_drop_001,milvus,2.6.16,implementation-source,2.6.17,aligned,https://github.com/milvus-io/milvus/blob/v2.6.17/internal/distributed/proxy/httpserver/constant.go
milvus_018,milvus_type_collections_create_001,milvus,2.6.16,vendor-documentation,2.6,aligned,https://milvus.io/api-reference/restful/v2.6.x/v2/Collection%20(v2)/Create.md
milvus_018,milvus_type_collections_drop_001,milvus,2.6.16,vendor-documentation,2.6,aligned,https://milvus.io/api-reference/restful/v2.6.x/v2/Collection%20(v2)/Drop.md
milvus_018,milvus_type_collections_load_001,milvus,2.6.16,vendor-documentation,2.6,aligned,https://milvus.io/api-reference/restful/v2.6.x/v2/Collection%20(v2)/Load.md
milvus_018,milvus_type_collections_rename_001,milvus,2.6.16,vendor-documentation,2.6,aligned,https://milvus.io/api-reference/restful/v2.6.x/v2/Collection%20(v2)/Rename.md
milvus_018,milvus_type_entities_insert_001,milvus,2.6.16,implementation-source,2.6.17,aligned,https://github.com/milvus-io/milvus/blob/v2.6.17/internal/distributed/proxy/httpserver/constant.go
milvus_018,milvus_type_entities_search_001,milvus,2.6.16,vendor-documentation,2.6,aligned,https://milvus.io/api-reference/restful/v2.6.x/v2/Vector%20(v2)/Search.md
milvus_018,milvus_type_entities_upsert_001,milvus,2.6.16,implementation-source,2.6.17,aligned,https://github.com/milvus-io/milvus/blob/v2.6.17/internal/distributed/proxy/httpserver/constant.go
milvus_019,milvus_behavioral_collections_create_001,milvus,2.6.16,vendor-documentation,2.6,aligned,https://milvus.io/api-reference/restful/v2.6.x/v2/Collection%20(v2)/Create.md
milvus_019,milvus_behavioral_collections_get_stats_001,milvus,2.6.16,implementation-source,2.6.17,aligned,https://github.com/milvus-io/milvus/blob/v2.6.17/internal/distributed/proxy/httpserver/constant.go
milvus_019,milvus_range_entities_insert_001,milvus,2.6.16,implementation-source,2.6.17,aligned,https://github.com/milvus-io/milvus/blob/v2.6.17/internal/distributed/proxy/httpserver/constant.go
milvus_019,milvus_range_entities_search_001,milvus,2.6.16,vendor-documentation,2.6,aligned,https://milvus.io/api-reference/restful/v2.6.x/v2/Vector%20(v2)/Search.md
milvus_019,milvus_state_collections_create_001,milvus,2.6.16,vendor-documentation,2.6,aligned,https://milvus.io/api-reference/restful/v2.6.x/v2/Collection%20(v2)/Create.md
milvus_019,milvus_state_collections_drop_001,milvus,2.6.16,vendor-documentation,2.6,aligned,https://milvus.io/api-reference/restful/v2.6.x/v2/Collection%20(v2)/Drop.md
milvus_019,milvus_state_databases_drop_001,milvus,2.6.16,implementation-source,2.6.17,aligned,https://github.com/milvus-io/milvus/blob/v2.6.17/internal/distributed/proxy/httpserver/constant.go
milvus_019,milvus_type_collections_create_001,milvus,2.6.16,vendor-documentation,2.6,aligned,https://milvus.io/api-reference/restful/v2.6.x/v2/Collection%20(v2)/Create.md
milvus_019,milvus_type_collections_drop_001,milvus,2.6.16,vendor-documentation,2.6,aligned,https://milvus.io/api-reference/restful/v2.6.x/v2/Collection%20(v2)/Drop.md
milvus_019,milvus_type_collections_load_001,milvus,2.6.16,vendor-documentation,2.6,aligned,https://milvus.io/api-reference/restful/v2.6.x/v2/Collection%20(v2)/Load.md
milvus_019,milvus_type_collections_rename_001,milvus,2.6.16,vendor-documentation,2.6,aligned,https://milvus.io/api-reference/restful/v2.6.x/v2/Collection%20(v2)/Rename.md
milvus_019,milvus_type_entities_insert_001,milvus,2.6.16,implementation-source,2.6.17,aligned,https://github.com/milvus-io/milvus/blob/v2.6.17/internal/distributed/proxy/httpserver/constant.go
milvus_019,milvus_type_entities_search_001,milvus,2.6.16,vendor-documentation,2.6,aligned,https://milvus.io/api-reference/restful/v2.6.x/v2/Vector%20(v2)/Search.md
milvus_019,milvus_type_entities_upsert_001,milvus,2.6.16,implementation-source,2.6.17,aligned,https://github.com/milvus-io/milvus/blob/v2.6.17/internal/distributed/proxy/httpserver/constant.go
milvus_020,milvus_behavioral_collections_create_001,milvus,2.6.16,vendor-documentation,2.6,aligned,https://milvus.io/api-reference/restful/v2.6.x/v2/Collection%20(v2)/Create.md
milvus_020,milvus_behavioral_entities_delete_001,milvus,2.6.16,implementation-source,2.6.17,aligned,https://github.com/milvus-io/milvus/blob/v2.6.17/internal/distributed/proxy/httpserver/constant.go
milvus_020,milvus_behavioral_entities_get_001,milvus,2.6.16,vendor-documentation,2.6,aligned,https://milvus.io/api-reference/restful/v2.6.x/v2/Vector%20(v2)/Get.md
milvus_020,milvus_behavioral_entities_search_001,milvus,2.6.16,vendor-documentation,2.6,aligned,https://milvus.io/api-reference/restful/v2.6.x/v2/Vector%20(v2)/Search.md
milvus_020,milvus_range_entities_insert_001,milvus,2.6.16,implementation-source,2.6.17,aligned,https://github.com/milvus-io/milvus/blob/v2.6.17/internal/distributed/proxy/httpserver/constant.go
milvus_020,milvus_range_entities_search_001,milvus,2.6.16,vendor-documentation,2.6,aligned,https://milvus.io/api-reference/restful/v2.6.x/v2/Vector%20(v2)/Search.md
milvus_020,milvus_range_entities_search_002,milvus,2.6.16,vendor-documentation,2.6,aligned,https://milvus.io/api-reference/restful/v2.6.x/v2/Vector%20(v2)/Search.md
milvus_020,milvus_state_collections_create_001,milvus,2.6.16,vendor-documentation,2.6,aligned,https://milvus.io/api-reference/restful/v2.6.x/v2/Collection%20(v2)/Create.md
milvus_020,milvus_state_collections_drop_001,milvus,2.6.16,vendor-documentation,2.6,aligned,https://milvus.io/api-reference/restful/v2.6.x/v2/Collection%20(v2)/Drop.md
milvus_020,milvus_state_databases_drop_001,milvus,2.6.16,implementation-source,2.6.17,aligned,https://github.com/milvus-io/milvus/blob/v2.6.17/internal/distributed/proxy/httpserver/constant.go
milvus_020,milvus_state_entities_delete_001,milvus,2.6.16,implementation-source,2.6.17,aligned,https://github.com/milvus-io/milvus/blob/v2.6.17/internal/distributed/proxy/httpserver/constant.go
milvus_020,milvus_state_entities_search_001,milvus,2.6.16,vendor-documentation,2.6,aligned,https://milvus.io/api-reference/restful/v2.6.x/v2/Vector%20(v2)/Search.md
milvus_020,milvus_type_collections_create_001,milvus,2.6.16,vendor-documentation,2.6,aligned,https://milvus.io/api-reference/restful/v2.6.x/v2/Collection%20(v2)/Create.md
milvus_020,milvus_type_collections_drop_001,milvus,2.6.16,vendor-documentation,2.6,aligned,https://milvus.io/api-reference/restful/v2.6.x/v2/Collection%20(v2)/Drop.md
milvus_020,milvus_type_collections_load_001,milvus,2.6.16,vendor-documentation,2.6,aligned,https://milvus.io/api-reference/restful/v2.6.x/v2/Collection%20(v2)/Load.md
milvus_020,milvus_type_collections_rename_001,milvus,2.6.16,vendor-documentation,2.6,aligned,https://milvus.io/api-reference/restful/v2.6.x/v2/Collection%20(v2)/Rename.md
milvus_020,milvus_type_entities_delete_001,milvus,2.6.16,implementation-source,2.6.17,aligned,https://github.com/milvus-io/milvus/blob/v2.6.17/internal/distributed/proxy/httpserver/constant.go
milvus_020,milvus_type_entities_get_001,milvus,2.6.16,vendor-documentation,2.6,aligned,https://milvus.io/api-reference/restful/v2.6.x/v2/Vector%20(v2)/Get.md
milvus_020,milvus_type_entities_insert_001,milvus,2.6.16,implementation-source,2.6.17,aligned,https://github.com/milvus-io/milvus/blob/v2.6.17/internal/distributed/proxy/httpserver/constant.go
milvus_020,milvus_type_entities_search_001,milvus,2.6.16,vendor-documentation,2.6,aligned,https://milvus.io/api-reference/restful/v2.6.x/v2/Vector%20(v2)/Search.md
milvus_020,milvus_type_entities_upsert_001,milvus,2.6.16,implementation-source,2.6.17,aligned,https://github.com/milvus-io/milvus/blob/v2.6.17/internal/distributed/proxy/httpserver/constant.go
milvus_021,milvus_behavioral_collections_create_001,milvus,2.6.17,vendor-documentation,2.6,aligned,https://milvus.io/api-reference/restful/v2.6.x/v2/Collection%20(v2)/Create.md
milvus_021,milvus_behavioral_entities_delete_001,milvus,2.6.17,implementation-source,2.6.17,aligned,https://github.com/milvus-io/milvus/blob/v2.6.17/internal/distributed/proxy/httpserver/constant.go
milvus_021,milvus_behavioral_entities_get_001,milvus,2.6.17,vendor-documentation,2.6,aligned,https://milvus.io/api-reference/restful/v2.6.x/v2/Vector%20(v2)/Get.md
milvus_021,milvus_behavioral_entities_search_001,milvus,2.6.17,vendor-documentation,2.6,aligned,https://milvus.io/api-reference/restful/v2.6.x/v2/Vector%20(v2)/Search.md
milvus_021,milvus_range_entities_insert_001,milvus,2.6.17,implementation-source,2.6.17,aligned,https://github.com/milvus-io/milvus/blob/v2.6.17/internal/distributed/proxy/httpserver/constant.go
milvus_021,milvus_range_entities_search_001,milvus,2.6.17,vendor-documentation,2.6,aligned,https://milvus.io/api-reference/restful/v2.6.x/v2/Vector%20(v2)/Search.md
milvus_021,milvus_range_entities_search_002,milvus,2.6.17,vendor-documentation,2.6,aligned,https://milvus.io/api-reference/restful/v2.6.x/v2/Vector%20(v2)/Search.md
milvus_021,milvus_state_collections_create_001,milvus,2.6.17,vendor-documentation,2.6,aligned,https://milvus.io/api-reference/restful/v2.6.x/v2/Collection%20(v2)/Create.md
milvus_021,milvus_state_entities_delete_001,milvus,2.6.17,implementation-source,2.6.17,aligned,https://github.com/milvus-io/milvus/blob/v2.6.17/internal/distributed/proxy/httpserver/constant.go
milvus_021,milvus_state_entities_insert_001,milvus,2.6.17,implementation-source,2.6.17,aligned,https://github.com/milvus-io/milvus/blob/v2.6.17/internal/distributed/proxy/httpserver/constant.go
milvus_021,milvus_state_entities_search_001,milvus,2.6.17,vendor-documentation,2.6,aligned,https://milvus.io/api-reference/restful/v2.6.x/v2/Vector%20(v2)/Search.md
milvus_021,milvus_type_collections_create_001,milvus,2.6.17,vendor-documentation,2.6,aligned,https://milvus.io/api-reference/restful/v2.6.x/v2/Collection%20(v2)/Create.md
milvus_021,milvus_type_collections_drop_001,milvus,2.6.17,vendor-documentation,2.6,aligned,https://milvus.io/api-reference/restful/v2.6.x/v2/Collection%20(v2)/Drop.md
milvus_021,milvus_type_collections_load_001,milvus,2.6.17,vendor-documentation,2.6,aligned,https://milvus.io/api-reference/restful/v2.6.x/v2/Collection%20(v2)/Load.md
milvus_021,milvus_type_collections_rename_001,milvus,2.6.17,vendor-documentation,2.6,aligned,https://milvus.io/api-reference/restful/v2.6.x/v2/Collection%20(v2)/Rename.md
milvus_021,milvus_type_entities_delete_001,milvus,2.6.17,implementation-source,2.6.17,aligned,https://github.com/milvus-io/milvus/blob/v2.6.17/internal/distributed/proxy/httpserver/constant.go
milvus_021,milvus_type_entities_get_001,milvus,2.6.17,vendor-documentation,2.6,aligned,https://milvus.io/api-reference/restful/v2.6.x/v2/Vector%20(v2)/Get.md
milvus_021,milvus_type_entities_insert_001,milvus,2.6.17,implementation-source,2.6.17,aligned,https://github.com/milvus-io/milvus/blob/v2.6.17/internal/distributed/proxy/httpserver/constant.go
milvus_021,milvus_type_entities_search_001,milvus,2.6.17,vendor-documentation,2.6,aligned,https://milvus.io/api-reference/restful/v2.6.x/v2/Vector%20(v2)/Search.md
milvus_021,milvus_type_entities_upsert_001,milvus,2.6.17,implementation-source,2.6.17,aligned,https://github.com/milvus-io/milvus/blob/v2.6.17/internal/distributed/proxy/httpserver/constant.go
milvus_022,milvus_behavioral_collections_create_001,milvus,2.6.17,vendor-documentation,2.6,aligned,https://milvus.io/api-reference/restful/v2.6.x/v2/Collection%20(v2)/Create.md
milvus_022,milvus_behavioral_collections_create_002,milvus,2.6.17,vendor-documentation,2.6,aligned,https://milvus.io/api-reference/restful/v2.6.x/v2/Collection%20(v2)/Create.md
milvus_022,milvus_range_collections_create_001,milvus,2.6.17,vendor-documentation,2.6,aligned,https://milvus.io/api-reference/restful/v2.6.x/v2/Collection%20(v2)/Create.md
milvus_022,milvus_range_collections_create_002,milvus,2.6.17,vendor-documentation,2.6,aligned,https://milvus.io/api-reference/restful/v2.6.x/v2/Collection%20(v2)/Create.md
milvus_022,milvus_range_collections_create_003,milvus,2.6.17,vendor-documentation,2.6,aligned,https://milvus.io/api-reference/restful/v2.6.x/v2/Collection%20(v2)/Create.md
milvus_022,milvus_range_collections_create_004,milvus,2.6.17,vendor-documentation,2.6,aligned,https://milvus.io/api-reference/restful/v2.6.x/v2/Collection%20(v2)/Create.md
milvus_022,milvus_range_collections_create_005,milvus,2.6.17,vendor-documentation,2.6,aligned,https://milvus.io/api-reference/restful/v2.6.x/v2/Collection%20(v2)/Create.md
milvus_022,milvus_range_entities_insert_001,milvus,2.6.17,implementation-source,2.6.17,aligned,https://github.com/milvus-io/milvus/blob/v2.6.17/internal/distributed/proxy/httpserver/constant.go
milvus_022,milvus_range_entities_search_001,milvus,2.6.17,vendor-documentation,2.6,aligned,https://milvus.io/api-reference/restful/v2.6.x/v2/Vector%20(v2)/Search.md
milvus_022,milvus_state_collections_create_001,milvus,2.6.17,vendor-documentation,2.6,aligned,https://milvus.io/api-reference/restful/v2.6.x/v2/Collection%20(v2)/Create.md
milvus_022,milvus_state_collections_drop_001,milvus,2.6.17,vendor-documentation,2.6,aligned,https://milvus.io/api-reference/restful/v2.6.x/v2/Collection%20(v2)/Drop.md
milvus_022,milvus_state_entities_insert_001,milvus,2.6.17,implementation-source,2.6.17,aligned,https://github.com/milvus-io/milvus/blob/v2.6.17/internal/distributed/proxy/httpserver/constant.go
milvus_022,milvus_type_collections_create_001,milvus,2.6.17,vendor-documentation,2.6,aligned,https://milvus.io/api-reference/restful/v2.6.x/v2/Collection%20(v2)/Create.md
milvus_022,milvus_type_collections_create_002,milvus,2.6.17,vendor-documentation,2.6,aligned,https://milvus.io/api-reference/restful/v2.6.x/v2/Collection%20(v2)/Create.md
milvus_022,milvus_type_collections_create_003,milvus,2.6.17,vendor-documentation,2.6,aligned,https://milvus.io/api-reference/restful/v2.6.x/v2/Collection%20(v2)/Create.md
milvus_022,milvus_type_collections_drop_001,milvus,2.6.17,vendor-documentation,2.6,aligned,https://milvus.io/api-reference/restful/v2.6.x/v2/Collection%20(v2)/Drop.md
milvus_022,milvus_type_collections_load_001,milvus,2.6.17,vendor-documentation,2.6,aligned,https://milvus.io/api-reference/restful/v2.6.x/v2/Collection%20(v2)/Load.md
milvus_022,milvus_type_collections_rename_001,milvus,2.6.17,vendor-documentation,2.6,aligned,https://milvus.io/api-reference/restful/v2.6.x/v2/Collection%20(v2)/Rename.md
milvus_022,milvus_type_entities_insert_001,milvus,2.6.17,implementation-source,2.6.17,aligned,https://github.com/milvus-io/milvus/blob/v2.6.17/internal/distributed/proxy/httpserver/constant.go
milvus_022,milvus_type_entities_search_001,milvus,2.6.17,vendor-documentation,2.6,aligned,https://milvus.io/api-reference/restful/v2.6.x/v2/Vector%20(v2)/Search.md
milvus_022,milvus_type_entities_upsert_001,milvus,2.6.17,implementation-source,2.6.17,aligned,https://github.com/milvus-io/milvus/blob/v2.6.17/internal/distributed/proxy/httpserver/constant.go
milvus_023,milvus_behavioral_collections_create_001,milvus,2.6.17,vendor-documentation,2.6,aligned,https://milvus.io/api-reference/restful/v2.6.x/v2/Collection%20(v2)/Create.md
milvus_023,milvus_behavioral_collections_drop_001,milvus,2.6.17,vendor-documentation,2.6,aligned,https://milvus.io/api-reference/restful/v2.6.x/v2/Collection%20(v2)/Drop.md
milvus_023,milvus_range_entities_insert_001,milvus,2.6.17,implementation-source,2.6.17,aligned,https://github.com/milvus-io/milvus/blob/v2.6.17/internal/distributed/proxy/httpserver/constant.go
milvus_023,milvus_range_entities_search_001,milvus,2.6.17,vendor-documentation,2.6,aligned,https://milvus.io/api-reference/restful/v2.6.x/v2/Vector%20(v2)/Search.md
milvus_023,milvus_state_collections_create_001,milvus,2.6.17,vendor-documentation,2.6,aligned,https://milvus.io/api-reference/restful/v2.6.x/v2/Collection%20(v2)/Create.md
milvus_023,milvus_state_collections_drop_001,milvus,2.6.17,vendor-documentation,2.6,aligned,https://milvus.io/api-reference/restful/v2.6.x/v2/Collection%20(v2)/Drop.md
milvus_023,milvus_state_databases_drop_001,milvus,2.6.17,implementation-source,2.6.17,aligned,https://github.com/milvus-io/milvus/blob/v2.6.17/internal/distributed/proxy/httpserver/constant.go
milvus_023,milvus_type_collections_create_001,milvus,2.6.17,vendor-documentation,2.6,aligned,https://milvus.io/api-reference/restful/v2.6.x/v2/Collection%20(v2)/Create.md
milvus_023,milvus_type_collections_drop_001,milvus,2.6.17,vendor-documentation,2.6,aligned,https://milvus.io/api-reference/restful/v2.6.x/v2/Collection%20(v2)/Drop.md
milvus_023,milvus_type_collections_load_001,milvus,2.6.17,vendor-documentation,2.6,aligned,https://milvus.io/api-reference/restful/v2.6.x/v2/Collection%20(v2)/Load.md
milvus_023,milvus_type_collections_rename_001,milvus,2.6.17,vendor-documentation,2.6,aligned,https://milvus.io/api-reference/restful/v2.6.x/v2/Collection%20(v2)/Rename.md
milvus_023,milvus_type_entities_insert_001,milvus,2.6.17,implementation-source,2.6.17,aligned,https://github.com/milvus-io/milvus/blob/v2.6.17/internal/distributed/proxy/httpserver/constant.go
milvus_023,milvus_type_entities_search_001,milvus,2.6.17,vendor-documentation,2.6,aligned,https://milvus.io/api-reference/restful/v2.6.x/v2/Vector%20(v2)/Search.md
milvus_023,milvus_type_entities_upsert_001,milvus,2.6.17,implementation-source,2.6.17,aligned,https://github.com/milvus-io/milvus/blob/v2.6.17/internal/distributed/proxy/httpserver/constant.go
milvus_024,milvus_behavioral_collections_create_001,milvus,2.6.17,vendor-documentation,2.6,aligned,https://milvus.io/api-reference/restful/v2.6.x/v2/Collection%20(v2)/Create.md
milvus_024,milvus_behavioral_entities_delete_001,milvus,2.6.17,implementation-source,2.6.17,aligned,https://github.com/milvus-io/milvus/blob/v2.6.17/internal/distributed/proxy/httpserver/constant.go
milvus_024,milvus_behavioral_entities_insert_001,milvus,2.6.17,implementation-source,2.6.17,aligned,https://github.com/milvus-io/milvus/blob/v2.6.17/internal/distributed/proxy/httpserver/constant.go
milvus_024,milvus_behavioral_entities_insert_002,milvus,2.6.17,implementation-source,2.6.17,aligned,https://github.com/milvus-io/milvus/blob/v2.6.17/internal/distributed/proxy/httpserver/constant.go
milvus_024,milvus_behavioral_entities_search_001,milvus,2.6.17,vendor-documentation,2.6,aligned,https://milvus.io/api-reference/restful/v2.6.x/v2/Vector%20(v2)/Search.md
milvus_024,milvus_behavioral_hybrid_search_001,milvus,2.6.17,implementation-source,2.6.17,aligned,https://github.com/milvus-io/milvus/blob/v2.6.17/internal/distributed/proxy/httpserver/constant.go
milvus_024,milvus_range_entities_insert_001,milvus,2.6.17,implementation-source,2.6.17,aligned,https://github.com/milvus-io/milvus/blob/v2.6.17/internal/distributed/proxy/httpserver/constant.go
milvus_024,milvus_range_entities_insert_002,milvus,2.6.17,implementation-source,2.6.17,aligned,https://github.com/milvus-io/milvus/blob/v2.6.17/internal/distributed/proxy/httpserver/constant.go
milvus_024,milvus_range_entities_query_001,milvus,2.6.17,implementation-source,2.6.17,aligned,https://github.com/milvus-io/milvus/blob/v2.6.17/internal/distributed/proxy/httpserver/constant.go
milvus_024,milvus_range_entities_search_001,milvus,2.6.17,vendor-documentation,2.6,aligned,https://milvus.io/api-reference/restful/v2.6.x/v2/Vector%20(v2)/Search.md
milvus_024,milvus_range_entities_search_002,milvus,2.6.17,vendor-documentation,2.6,aligned,https://milvus.io/api-reference/restful/v2.6.x/v2/Vector%20(v2)/Search.md
milvus_024,milvus_range_hybrid_search_001,milvus,2.6.17,implementation-source,2.6.17,aligned,https://github.com/milvus-io/milvus/blob/v2.6.17/internal/distributed/proxy/httpserver/constant.go
milvus_024,milvus_state_collections_create_001,milvus,2.6.17,vendor-documentation,2.6,aligned,https://milvus.io/api-reference/restful/v2.6.x/v2/Collection%20(v2)/Create.md
milvus_024,milvus_state_collections_drop_001,milvus,2.6.17,vendor-documentation,2.6,aligned,https://milvus.io/api-reference/restful/v2.6.x/v2/Collection%20(v2)/Drop.md
milvus_024,milvus_state_databases_drop_001,milvus,2.6.17,implementation-source,2.6.17,aligned,https://github.com/milvus-io/milvus/blob/v2.6.17/internal/distributed/proxy/httpserver/constant.go
milvus_024,milvus_state_entities_delete_001,milvus,2.6.17,implementation-source,2.6.17,aligned,https://github.com/milvus-io/milvus/blob/v2.6.17/internal/distributed/proxy/httpserver/constant.go
milvus_024,milvus_state_entities_insert_001,milvus,2.6.17,implementation-source,2.6.17,aligned,https://github.com/milvus-io/milvus/blob/v2.6.17/internal/distributed/proxy/httpserver/constant.go
milvus_024,milvus_state_entities_search_001,milvus,2.6.17,vendor-documentation,2.6,aligned,https://milvus.io/api-reference/restful/v2.6.x/v2/Vector%20(v2)/Search.md
milvus_024,milvus_state_entities_upsert_001,milvus,2.6.17,implementation-source,2.6.17,aligned,https://github.com/milvus-io/milvus/blob/v2.6.17/internal/distributed/proxy/httpserver/constant.go
milvus_024,milvus_state_entities_upsert_002,milvus,2.6.17,implementation-source,2.6.17,aligned,https://github.com/milvus-io/milvus/blob/v2.6.17/internal/distributed/proxy/httpserver/constant.go
milvus_024,milvus_type_collections_create_001,milvus,2.6.17,vendor-documentation,2.6,aligned,https://milvus.io/api-reference/restful/v2.6.x/v2/Collection%20(v2)/Create.md
milvus_024,milvus_type_collections_drop_001,milvus,2.6.17,vendor-documentation,2.6,aligned,https://milvus.io/api-reference/restful/v2.6.x/v2/Collection%20(v2)/Drop.md
milvus_024,milvus_type_collections_load_001,milvus,2.6.17,vendor-documentation,2.6,aligned,https://milvus.io/api-reference/restful/v2.6.x/v2/Collection%20(v2)/Load.md
milvus_024,milvus_type_collections_rename_001,milvus,2.6.17,vendor-documentation,2.6,aligned,https://milvus.io/api-reference/restful/v2.6.x/v2/Collection%20(v2)/Rename.md
milvus_024,milvus_type_entities_delete_001,milvus,2.6.17,implementation-source,2.6.17,aligned,https://github.com/milvus-io/milvus/blob/v2.6.17/internal/distributed/proxy/httpserver/constant.go
milvus_024,milvus_type_entities_insert_001,milvus,2.6.17,implementation-source,2.6.17,aligned,https://github.com/milvus-io/milvus/blob/v2.6.17/internal/distributed/proxy/httpserver/constant.go
milvus_024,milvus_type_entities_query_001,milvus,2.6.17,implementation-source,2.6.17,aligned,https://github.com/milvus-io/milvus/blob/v2.6.17/internal/distributed/proxy/httpserver/constant.go
milvus_024,milvus_type_entities_search_001,milvus,2.6.17,vendor-documentation,2.6,aligned,https://milvus.io/api-reference/restful/v2.6.x/v2/Vector%20(v2)/Search.md
milvus_024,milvus_type_entities_upsert_001,milvus,2.6.17,implementation-source,2.6.17,aligned,https://github.com/milvus-io/milvus/blob/v2.6.17/internal/distributed/proxy/httpserver/constant.go
milvus_024,milvus_type_hybrid_search_001,milvus,2.6.17,implementation-source,2.6.17,aligned,https://github.com/milvus-io/milvus/blob/v2.6.17/internal/distributed/proxy/httpserver/constant.go
milvus_025,milvus_behavioral_collections_create_001,milvus,2.6.17,vendor-documentation,2.6,aligned,https://milvus.io/api-reference/restful/v2.6.x/v2/Collection%20(v2)/Create.md
milvus_025,milvus_behavioral_entities_delete_001,milvus,2.6.17,implementation-source,2.6.17,aligned,https://github.com/milvus-io/milvus/blob/v2.6.17/internal/distributed/proxy/httpserver/constant.go
milvus_025,milvus_behavioral_entities_get_001,milvus,2.6.17,vendor-documentation,2.6,aligned,https://milvus.io/api-reference/restful/v2.6.x/v2/Vector%20(v2)/Get.md
milvus_025,milvus_behavioral_entities_insert_001,milvus,2.6.17,implementation-source,2.6.17,aligned,https://github.com/milvus-io/milvus/blob/v2.6.17/internal/distributed/proxy/httpserver/constant.go
milvus_025,milvus_behavioral_entities_insert_002,milvus,2.6.17,implementation-source,2.6.17,aligned,https://github.com/milvus-io/milvus/blob/v2.6.17/internal/distributed/proxy/httpserver/constant.go
milvus_025,milvus_range_entities_insert_001,milvus,2.6.17,implementation-source,2.6.17,aligned,https://github.com/milvus-io/milvus/blob/v2.6.17/internal/distributed/proxy/httpserver/constant.go
milvus_025,milvus_range_entities_insert_002,milvus,2.6.17,implementation-source,2.6.17,aligned,https://github.com/milvus-io/milvus/blob/v2.6.17/internal/distributed/proxy/httpserver/constant.go
milvus_025,milvus_range_entities_search_001,milvus,2.6.17,vendor-documentation,2.6,aligned,https://milvus.io/api-reference/restful/v2.6.x/v2/Vector%20(v2)/Search.md
milvus_025,milvus_state_collections_create_001,milvus,2.6.17,vendor-documentation,2.6,aligned,https://milvus.io/api-reference/restful/v2.6.x/v2/Collection%20(v2)/Create.md
milvus_025,milvus_state_collections_drop_001,milvus,2.6.17,vendor-documentation,2.6,aligned,https://milvus.io/api-reference/restful/v2.6.x/v2/Collection%20(v2)/Drop.md
milvus_025,milvus_state_databases_drop_001,milvus,2.6.17,implementation-source,2.6.17,aligned,https://github.com/milvus-io/milvus/blob/v2.6.17/internal/distributed/proxy/httpserver/constant.go
milvus_025,milvus_state_entities_delete_001,milvus,2.6.17,implementation-source,2.6.17,aligned,https://github.com/milvus-io/milvus/blob/v2.6.17/internal/distributed/proxy/httpserver/constant.go
milvus_025,milvus_state_entities_insert_001,milvus,2.6.17,implementation-source,2.6.17,aligned,https://github.com/milvus-io/milvus/blob/v2.6.17/internal/distributed/proxy/httpserver/constant.go
milvus_025,milvus_type_collections_create_001,milvus,2.6.17,vendor-documentation,2.6,aligned,https://milvus.io/api-reference/restful/v2.6.x/v2/Collection%20(v2)/Create.md
milvus_025,milvus_type_collections_drop_001,milvus,2.6.17,vendor-documentation,2.6,aligned,https://milvus.io/api-reference/restful/v2.6.x/v2/Collection%20(v2)/Drop.md
milvus_025,milvus_type_collections_load_001,milvus,2.6.17,vendor-documentation,2.6,aligned,https://milvus.io/api-reference/restful/v2.6.x/v2/Collection%20(v2)/Load.md
milvus_025,milvus_type_collections_rename_001,milvus,2.6.17,vendor-documentation,2.6,aligned,https://milvus.io/api-reference/restful/v2.6.x/v2/Collection%20(v2)/Rename.md
milvus_025,milvus_type_entities_delete_001,milvus,2.6.17,implementation-source,2.6.17,aligned,https://github.com/milvus-io/milvus/blob/v2.6.17/internal/distributed/proxy/httpserver/constant.go
milvus_025,milvus_type_entities_get_001,milvus,2.6.17,vendor-documentation,2.6,aligned,https://milvus.io/api-reference/restful/v2.6.x/v2/Vector%20(v2)/Get.md
milvus_025,milvus_type_entities_insert_001,milvus,2.6.17,implementation-source,2.6.17,aligned,https://github.com/milvus-io/milvus/blob/v2.6.17/internal/distributed/proxy/httpserver/constant.go
milvus_025,milvus_type_entities_search_001,milvus,2.6.17,vendor-documentation,2.6,aligned,https://milvus.io/api-reference/restful/v2.6.x/v2/Vector%20(v2)/Search.md
milvus_025,milvus_type_entities_upsert_001,milvus,2.6.17,implementation-source,2.6.17,aligned,https://github.com/milvus-io/milvus/blob/v2.6.17/internal/distributed/proxy/httpserver/constant.go
milvus_026,milvus_behavioral_collections_create_001,milvus,2.6.17,vendor-documentation,2.6,aligned,https://milvus.io/api-reference/restful/v2.6.x/v2/Collection%20(v2)/Create.md
milvus_026,milvus_behavioral_collections_create_002,milvus,2.6.17,vendor-documentation,2.6,aligned,https://milvus.io/api-reference/restful/v2.6.x/v2/Collection%20(v2)/Create.md
milvus_026,milvus_range_collections_create_001,milvus,2.6.17,vendor-documentation,2.6,aligned,https://milvus.io/api-reference/restful/v2.6.x/v2/Collection%20(v2)/Create.md
milvus_026,milvus_range_collections_create_002,milvus,2.6.17,vendor-documentation,2.6,aligned,https://milvus.io/api-reference/restful/v2.6.x/v2/Collection%20(v2)/Create.md
milvus_026,milvus_range_collections_create_003,milvus,2.6.17,vendor-documentation,2.6,aligned,https://milvus.io/api-reference/restful/v2.6.x/v2/Collection%20(v2)/Create.md
milvus_026,milvus_range_collections_create_004,milvus,2.6.17,vendor-documentation,2.6,aligned,https://milvus.io/api-reference/restful/v2.6.x/v2/Collection%20(v2)/Create.md
milvus_026,milvus_range_collections_create_005,milvus,2.6.17,vendor-documentation,2.6,aligned,https://milvus.io/api-reference/restful/v2.6.x/v2/Collection%20(v2)/Create.md
milvus_026,milvus_range_entities_insert_001,milvus,2.6.17,implementation-source,2.6.17,aligned,https://github.com/milvus-io/milvus/blob/v2.6.17/internal/distributed/proxy/httpserver/constant.go
milvus_026,milvus_range_entities_search_001,milvus,2.6.17,vendor-documentation,2.6,aligned,https://milvus.io/api-reference/restful/v2.6.x/v2/Vector%20(v2)/Search.md
milvus_026,milvus_state_collections_create_001,milvus,2.6.17,vendor-documentation,2.6,aligned,https://milvus.io/api-reference/restful/v2.6.x/v2/Collection%20(v2)/Create.md
milvus_026,milvus_state_collections_drop_001,milvus,2.6.17,vendor-documentation,2.6,aligned,https://milvus.io/api-reference/restful/v2.6.x/v2/Collection%20(v2)/Drop.md
milvus_026,milvus_state_databases_drop_001,milvus,2.6.17,implementation-source,2.6.17,aligned,https://github.com/milvus-io/milvus/blob/v2.6.17/internal/distributed/proxy/httpserver/constant.go
milvus_026,milvus_type_collections_create_001,milvus,2.6.17,vendor-documentation,2.6,aligned,https://milvus.io/api-reference/restful/v2.6.x/v2/Collection%20(v2)/Create.md
milvus_026,milvus_type_collections_create_002,milvus,2.6.17,vendor-documentation,2.6,aligned,https://milvus.io/api-reference/restful/v2.6.x/v2/Collection%20(v2)/Create.md
milvus_026,milvus_type_collections_create_003,milvus,2.6.17,vendor-documentation,2.6,aligned,https://milvus.io/api-reference/restful/v2.6.x/v2/Collection%20(v2)/Create.md
milvus_026,milvus_type_collections_drop_001,milvus,2.6.17,vendor-documentation,2.6,aligned,https://milvus.io/api-reference/restful/v2.6.x/v2/Collection%20(v2)/Drop.md
milvus_026,milvus_type_collections_load_001,milvus,2.6.17,vendor-documentation,2.6,aligned,https://milvus.io/api-reference/restful/v2.6.x/v2/Collection%20(v2)/Load.md
milvus_026,milvus_type_collections_rename_001,milvus,2.6.17,vendor-documentation,2.6,aligned,https://milvus.io/api-reference/restful/v2.6.x/v2/Collection%20(v2)/Rename.md
milvus_026,milvus_type_entities_insert_001,milvus,2.6.17,implementation-source,2.6.17,aligned,https://github.com/milvus-io/milvus/blob/v2.6.17/internal/distributed/proxy/httpserver/constant.go
milvus_026,milvus_type_entities_search_001,milvus,2.6.17,vendor-documentation,2.6,aligned,https://milvus.io/api-reference/restful/v2.6.x/v2/Vector%20(v2)/Search.md
milvus_026,milvus_type_entities_upsert_001,milvus,2.6.17,implementation-source,2.6.17,aligned,https://github.com/milvus-io/milvus/blob/v2.6.17/internal/distributed/proxy/httpserver/constant.go
milvus_027,milvus_behavioral_collections_create_001,milvus,2.6.17,vendor-documentation,2.6,aligned,https://milvus.io/api-reference/restful/v2.6.x/v2/Collection%20(v2)/Create.md
milvus_027,milvus_behavioral_collections_create_002,milvus,2.6.17,vendor-documentation,2.6,aligned,https://milvus.io/api-reference/restful/v2.6.x/v2/Collection%20(v2)/Create.md
milvus_027,milvus_range_collections_create_001,milvus,2.6.17,vendor-documentation,2.6,aligned,https://milvus.io/api-reference/restful/v2.6.x/v2/Collection%20(v2)/Create.md
milvus_027,milvus_range_collections_create_002,milvus,2.6.17,vendor-documentation,2.6,aligned,https://milvus.io/api-reference/restful/v2.6.x/v2/Collection%20(v2)/Create.md
milvus_027,milvus_range_collections_create_003,milvus,2.6.17,vendor-documentation,2.6,aligned,https://milvus.io/api-reference/restful/v2.6.x/v2/Collection%20(v2)/Create.md
milvus_027,milvus_range_collections_create_004,milvus,2.6.17,vendor-documentation,2.6,aligned,https://milvus.io/api-reference/restful/v2.6.x/v2/Collection%20(v2)/Create.md
milvus_027,milvus_range_collections_create_005,milvus,2.6.17,vendor-documentation,2.6,aligned,https://milvus.io/api-reference/restful/v2.6.x/v2/Collection%20(v2)/Create.md
milvus_027,milvus_range_entities_insert_001,milvus,2.6.17,implementation-source,2.6.17,aligned,https://github.com/milvus-io/milvus/blob/v2.6.17/internal/distributed/proxy/httpserver/constant.go
milvus_027,milvus_range_entities_search_001,milvus,2.6.17,vendor-documentation,2.6,aligned,https://milvus.io/api-reference/restful/v2.6.x/v2/Vector%20(v2)/Search.md
milvus_027,milvus_state_collections_create_001,milvus,2.6.17,vendor-documentation,2.6,aligned,https://milvus.io/api-reference/restful/v2.6.x/v2/Collection%20(v2)/Create.md
milvus_027,milvus_state_collections_drop_001,milvus,2.6.17,vendor-documentation,2.6,aligned,https://milvus.io/api-reference/restful/v2.6.x/v2/Collection%20(v2)/Drop.md
milvus_027,milvus_state_databases_drop_001,milvus,2.6.17,implementation-source,2.6.17,aligned,https://github.com/milvus-io/milvus/blob/v2.6.17/internal/distributed/proxy/httpserver/constant.go
milvus_027,milvus_type_collections_create_001,milvus,2.6.17,vendor-documentation,2.6,aligned,https://milvus.io/api-reference/restful/v2.6.x/v2/Collection%20(v2)/Create.md
milvus_027,milvus_type_collections_create_002,milvus,2.6.17,vendor-documentation,2.6,aligned,https://milvus.io/api-reference/restful/v2.6.x/v2/Collection%20(v2)/Create.md
milvus_027,milvus_type_collections_create_003,milvus,2.6.17,vendor-documentation,2.6,aligned,https://milvus.io/api-reference/restful/v2.6.x/v2/Collection%20(v2)/Create.md
milvus_027,milvus_type_collections_drop_001,milvus,2.6.17,vendor-documentation,2.6,aligned,https://milvus.io/api-reference/restful/v2.6.x/v2/Collection%20(v2)/Drop.md
milvus_027,milvus_type_collections_load_001,milvus,2.6.17,vendor-documentation,2.6,aligned,https://milvus.io/api-reference/restful/v2.6.x/v2/Collection%20(v2)/Load.md
milvus_027,milvus_type_collections_rename_001,milvus,2.6.17,vendor-documentation,2.6,aligned,https://milvus.io/api-reference/restful/v2.6.x/v2/Collection%20(v2)/Rename.md
milvus_027,milvus_type_entities_insert_001,milvus,2.6.17,implementation-source,2.6.17,aligned,https://github.com/milvus-io/milvus/blob/v2.6.17/internal/distributed/proxy/httpserver/constant.go
milvus_027,milvus_type_entities_search_001,milvus,2.6.17,vendor-documentation,2.6,aligned,https://milvus.io/api-reference/restful/v2.6.x/v2/Vector%20(v2)/Search.md
milvus_027,milvus_type_entities_upsert_001,milvus,2.6.17,implementation-source,2.6.17,aligned,https://github.com/milvus-io/milvus/blob/v2.6.17/internal/distributed/proxy/httpserver/constant.go
milvus_028,milvus_behavioral_collections_create_001,milvus,2.6.17,vendor-documentation,2.6,aligned,https://milvus.io/api-reference/restful/v2.6.x/v2/Collection%20(v2)/Create.md
milvus_028,milvus_behavioral_collections_create_002,milvus,2.6.17,vendor-documentation,2.6,aligned,https://milvus.io/api-reference/restful/v2.6.x/v2/Collection%20(v2)/Create.md
milvus_028,milvus_behavioral_collections_describe_001,milvus,2.6.17,vendor-documentation,2.6,aligned,https://milvus.io/api-reference/restful/v2.6.x/v2/Collection%20(v2)/Create.md
milvus_028,milvus_range_collections_create_001,milvus,2.6.17,vendor-documentation,2.6,aligned,https://milvus.io/api-reference/restful/v2.6.x/v2/Collection%20(v2)/Create.md
milvus_028,milvus_range_collections_create_002,milvus,2.6.17,vendor-documentation,2.6,aligned,https://milvus.io/api-reference/restful/v2.6.x/v2/Collection%20(v2)/Create.md
milvus_028,milvus_range_collections_create_003,milvus,2.6.17,vendor-documentation,2.6,aligned,https://milvus.io/api-reference/restful/v2.6.x/v2/Collection%20(v2)/Create.md
milvus_028,milvus_range_collections_create_004,milvus,2.6.17,vendor-documentation,2.6,aligned,https://milvus.io/api-reference/restful/v2.6.x/v2/Collection%20(v2)/Create.md
milvus_028,milvus_range_collections_create_005,milvus,2.6.17,vendor-documentation,2.6,aligned,https://milvus.io/api-reference/restful/v2.6.x/v2/Collection%20(v2)/Create.md
milvus_028,milvus_range_entities_insert_001,milvus,2.6.17,implementation-source,2.6.17,aligned,https://github.com/milvus-io/milvus/blob/v2.6.17/internal/distributed/proxy/httpserver/constant.go
milvus_028,milvus_range_entities_search_001,milvus,2.6.17,vendor-documentation,2.6,aligned,https://milvus.io/api-reference/restful/v2.6.x/v2/Vector%20(v2)/Search.md
milvus_028,milvus_state_collections_create_001,milvus,2.6.17,vendor-documentation,2.6,aligned,https://milvus.io/api-reference/restful/v2.6.x/v2/Collection%20(v2)/Create.md
milvus_028,milvus_type_collections_create_001,milvus,2.6.17,vendor-documentation,2.6,aligned,https://milvus.io/api-reference/restful/v2.6.x/v2/Collection%20(v2)/Create.md
milvus_028,milvus_type_collections_create_002,milvus,2.6.17,vendor-documentation,2.6,aligned,https://milvus.io/api-reference/restful/v2.6.x/v2/Collection%20(v2)/Create.md
milvus_028,milvus_type_collections_create_003,milvus,2.6.17,vendor-documentation,2.6,aligned,https://milvus.io/api-reference/restful/v2.6.x/v2/Collection%20(v2)/Create.md
milvus_028,milvus_type_collections_drop_001,milvus,2.6.17,vendor-documentation,2.6,aligned,https://milvus.io/api-reference/restful/v2.6.x/v2/Collection%20(v2)/Drop.md
milvus_028,milvus_type_collections_load_001,milvus,2.6.17,vendor-documentation,2.6,aligned,https://milvus.io/api-reference/restful/v2.6.x/v2/Collection%20(v2)/Load.md
milvus_028,milvus_type_collections_rename_001,milvus,2.6.17,vendor-documentation,2.6,aligned,https://milvus.io/api-reference/restful/v2.6.x/v2/Collection%20(v2)/Rename.md
milvus_028,milvus_type_entities_insert_001,milvus,2.6.17,implementation-source,2.6.17,aligned,https://github.com/milvus-io/milvus/blob/v2.6.17/internal/distributed/proxy/httpserver/constant.go
milvus_028,milvus_type_entities_search_001,milvus,2.6.17,vendor-documentation,2.6,aligned,https://milvus.io/api-reference/restful/v2.6.x/v2/Vector%20(v2)/Search.md
milvus_028,milvus_type_entities_upsert_001,milvus,2.6.17,implementation-source,2.6.17,aligned,https://github.com/milvus-io/milvus/blob/v2.6.17/internal/distributed/proxy/httpserver/constant.go
milvus_029,milvus_behavioral_collections_create_001,milvus,2.6.17,vendor-documentation,2.6,aligned,https://milvus.io/api-reference/restful/v2.6.x/v2/Collection%20(v2)/Create.md
milvus_029,milvus_behavioral_entities_delete_001,milvus,2.6.17,implementation-source,2.6.17,aligned,https://github.com/milvus-io/milvus/blob/v2.6.17/internal/distributed/proxy/httpserver/constant.go
milvus_029,milvus_behavioral_entities_get_001,milvus,2.6.17,vendor-documentation,2.6,aligned,https://milvus.io/api-reference/restful/v2.6.x/v2/Vector%20(v2)/Get.md
milvus_029,milvus_behavioral_entities_search_001,milvus,2.6.17,vendor-documentation,2.6,aligned,https://milvus.io/api-reference/restful/v2.6.x/v2/Vector%20(v2)/Search.md
milvus_029,milvus_range_entities_insert_001,milvus,2.6.17,implementation-source,2.6.17,aligned,https://github.com/milvus-io/milvus/blob/v2.6.17/internal/distributed/proxy/httpserver/constant.go
milvus_029,milvus_range_entities_search_001,milvus,2.6.17,vendor-documentation,2.6,aligned,https://milvus.io/api-reference/restful/v2.6.x/v2/Vector%20(v2)/Search.md
milvus_029,milvus_range_entities_search_002,milvus,2.6.17,vendor-documentation,2.6,aligned,https://milvus.io/api-reference/restful/v2.6.x/v2/Vector%20(v2)/Search.md
milvus_029,milvus_state_collections_create_001,milvus,2.6.17,vendor-documentation,2.6,aligned,https://milvus.io/api-reference/restful/v2.6.x/v2/Collection%20(v2)/Create.md
milvus_029,milvus_state_collections_drop_001,milvus,2.6.17,vendor-documentation,2.6,aligned,https://milvus.io/api-reference/restful/v2.6.x/v2/Collection%20(v2)/Drop.md
milvus_029,milvus_state_databases_drop_001,milvus,2.6.17,implementation-source,2.6.17,aligned,https://github.com/milvus-io/milvus/blob/v2.6.17/internal/distributed/proxy/httpserver/constant.go
milvus_029,milvus_state_entities_delete_001,milvus,2.6.17,implementation-source,2.6.17,aligned,https://github.com/milvus-io/milvus/blob/v2.6.17/internal/distributed/proxy/httpserver/constant.go
milvus_029,milvus_state_entities_search_001,milvus,2.6.17,vendor-documentation,2.6,aligned,https://milvus.io/api-reference/restful/v2.6.x/v2/Vector%20(v2)/Search.md
milvus_029,milvus_type_collections_create_001,milvus,2.6.17,vendor-documentation,2.6,aligned,https://milvus.io/api-reference/restful/v2.6.x/v2/Collection%20(v2)/Create.md
milvus_029,milvus_type_collections_drop_001,milvus,2.6.17,vendor-documentation,2.6,aligned,https://milvus.io/api-reference/restful/v2.6.x/v2/Collection%20(v2)/Drop.md
milvus_029,milvus_type_collections_load_001,milvus,2.6.17,vendor-documentation,2.6,aligned,https://milvus.io/api-reference/restful/v2.6.x/v2/Collection%20(v2)/Load.md
milvus_029,milvus_type_collections_rename_001,milvus,2.6.17,vendor-documentation,2.6,aligned,https://milvus.io/api-reference/restful/v2.6.x/v2/Collection%20(v2)/Rename.md
milvus_029,milvus_type_entities_delete_001,milvus,2.6.17,implementation-source,2.6.17,aligned,https://github.com/milvus-io/milvus/blob/v2.6.17/internal/distributed/proxy/httpserver/constant.go
milvus_029,milvus_type_entities_get_001,milvus,2.6.17,vendor-documentation,2.6,aligned,https://milvus.io/api-reference/restful/v2.6.x/v2/Vector%20(v2)/Get.md
milvus_029,milvus_type_entities_insert_001,milvus,2.6.17,implementation-source,2.6.17,aligned,https://github.com/milvus-io/milvus/blob/v2.6.17/internal/distributed/proxy/httpserver/constant.go
milvus_029,milvus_type_entities_search_001,milvus,2.6.17,vendor-documentation,2.6,aligned,https://milvus.io/api-reference/restful/v2.6.x/v2/Vector%20(v2)/Search.md
milvus_029,milvus_type_entities_upsert_001,milvus,2.6.17,implementation-source,2.6.17,aligned,https://github.com/milvus-io/milvus/blob/v2.6.17/internal/distributed/proxy/httpserver/constant.go
milvus_030,milvus_behavioral_collections_create_001,milvus,2.6.17,vendor-documentation,2.6,aligned,https://milvus.io/api-reference/restful/v2.6.x/v2/Collection%20(v2)/Create.md
milvus_030,milvus_behavioral_collections_create_002,milvus,2.6.17,vendor-documentation,2.6,aligned,https://milvus.io/api-reference/restful/v2.6.x/v2/Collection%20(v2)/Create.md
milvus_030,milvus_behavioral_collections_drop_001,milvus,2.6.17,vendor-documentation,2.6,aligned,https://milvus.io/api-reference/restful/v2.6.x/v2/Collection%20(v2)/Drop.md
milvus_030,milvus_behavioral_collections_get_stats_001,milvus,2.6.17,implementation-source,2.6.17,aligned,https://github.com/milvus-io/milvus/blob/v2.6.17/internal/distributed/proxy/httpserver/constant.go
milvus_030,milvus_behavioral_collections_has_001,milvus,2.6.17,implementation-source,2.6.17,aligned,https://github.com/milvus-io/milvus/blob/v2.6.17/internal/distributed/proxy/httpserver/constant.go
milvus_030,milvus_behavioral_entities_insert_001,milvus,2.6.17,implementation-source,2.6.17,aligned,https://github.com/milvus-io/milvus/blob/v2.6.17/internal/distributed/proxy/httpserver/constant.go
milvus_030,milvus_behavioral_users_create_001,milvus,2.6.17,implementation-source,2.6.17,aligned,https://github.com/milvus-io/milvus/blob/v2.6.17/internal/distributed/proxy/httpserver/constant.go
milvus_030,milvus_range_entities_insert_001,milvus,2.6.17,implementation-source,2.6.17,aligned,https://github.com/milvus-io/milvus/blob/v2.6.17/internal/distributed/proxy/httpserver/constant.go
milvus_030,milvus_range_entities_search_001,milvus,2.6.17,vendor-documentation,2.6,aligned,https://milvus.io/api-reference/restful/v2.6.x/v2/Vector%20(v2)/Search.md
milvus_030,milvus_range_users_create_001,milvus,2.6.17,implementation-source,2.6.17,aligned,https://github.com/milvus-io/milvus/blob/v2.6.17/internal/distributed/proxy/httpserver/constant.go
milvus_030,milvus_state_collections_create_001,milvus,2.6.17,vendor-documentation,2.6,aligned,https://milvus.io/api-reference/restful/v2.6.x/v2/Collection%20(v2)/Create.md
milvus_030,milvus_state_collections_drop_001,milvus,2.6.17,vendor-documentation,2.6,aligned,https://milvus.io/api-reference/restful/v2.6.x/v2/Collection%20(v2)/Drop.md
milvus_030,milvus_state_databases_drop_001,milvus,2.6.17,implementation-source,2.6.17,aligned,https://github.com/milvus-io/milvus/blob/v2.6.17/internal/distributed/proxy/httpserver/constant.go
milvus_030,milvus_type_entities_insert_001,milvus,2.6.17,implementation-source,2.6.17,aligned,https://github.com/milvus-io/milvus/blob/v2.6.17/internal/distributed/proxy/httpserver/constant.go
milvus_030,milvus_type_entities_search_001,milvus,2.6.17,vendor-documentation,2.6,aligned,https://milvus.io/api-reference/restful/v2.6.x/v2/Vector%20(v2)/Search.md
milvus_030,milvus_type_entities_upsert_001,milvus,2.6.17,implementation-source,2.6.17,aligned,https://github.com/milvus-io/milvus/blob/v2.6.17/internal/distributed/proxy/httpserver/constant.go
milvus_030,milvus_type_users_create_001,milvus,2.6.17,implementation-source,2.6.17,aligned,https://github.com/milvus-io/milvus/blob/v2.6.17/internal/distributed/proxy/httpserver/constant.go
milvus_031,milvus_behavioral_collections_create_001,milvus,2.6.17,vendor-documentation,2.6,aligned,https://milvus.io/api-reference/restful/v2.6.x/v2/Collection%20(v2)/Create.md
milvus_031,milvus_behavioral_entities_delete_001,milvus,2.6.17,implementation-source,2.6.17,aligned,https://github.com/milvus-io/milvus/blob/v2.6.17/internal/distributed/proxy/httpserver/constant.go
milvus_031,milvus_behavioral_entities_get_001,milvus,2.6.17,vendor-documentation,2.6,aligned,https://milvus.io/api-reference/restful/v2.6.x/v2/Vector%20(v2)/Get.md
milvus_031,milvus_range_entities_insert_001,milvus,2.6.17,implementation-source,2.6.17,aligned,https://github.com/milvus-io/milvus/blob/v2.6.17/internal/distributed/proxy/httpserver/constant.go
milvus_031,milvus_range_entities_search_001,milvus,2.6.17,vendor-documentation,2.6,aligned,https://milvus.io/api-reference/restful/v2.6.x/v2/Vector%20(v2)/Search.md
milvus_031,milvus_state_collections_create_001,milvus,2.6.17,vendor-documentation,2.6,aligned,https://milvus.io/api-reference/restful/v2.6.x/v2/Collection%20(v2)/Create.md
milvus_031,milvus_state_collections_drop_001,milvus,2.6.17,vendor-documentation,2.6,aligned,https://milvus.io/api-reference/restful/v2.6.x/v2/Collection%20(v2)/Drop.md
milvus_031,milvus_state_entities_delete_001,milvus,2.6.17,implementation-source,2.6.17,aligned,https://github.com/milvus-io/milvus/blob/v2.6.17/internal/distributed/proxy/httpserver/constant.go
milvus_031,milvus_state_entities_insert_001,milvus,2.6.17,implementation-source,2.6.17,aligned,https://github.com/milvus-io/milvus/blob/v2.6.17/internal/distributed/proxy/httpserver/constant.go
milvus_031,milvus_state_entities_upsert_001,milvus,2.6.17,implementation-source,2.6.17,aligned,https://github.com/milvus-io/milvus/blob/v2.6.17/internal/distributed/proxy/httpserver/constant.go
milvus_031,milvus_state_entities_upsert_002,milvus,2.6.17,implementation-source,2.6.17,aligned,https://github.com/milvus-io/milvus/blob/v2.6.17/internal/distributed/proxy/httpserver/constant.go
milvus_031,milvus_type_collections_create_001,milvus,2.6.17,vendor-documentation,2.6,aligned,https://milvus.io/api-reference/restful/v2.6.x/v2/Collection%20(v2)/Create.md
milvus_031,milvus_type_collections_drop_001,milvus,2.6.17,vendor-documentation,2.6,aligned,https://milvus.io/api-reference/restful/v2.6.x/v2/Collection%20(v2)/Drop.md
milvus_031,milvus_type_collections_load_001,milvus,2.6.17,vendor-documentation,2.6,aligned,https://milvus.io/api-reference/restful/v2.6.x/v2/Collection%20(v2)/Load.md
milvus_031,milvus_type_collections_rename_001,milvus,2.6.17,vendor-documentation,2.6,aligned,https://milvus.io/api-reference/restful/v2.6.x/v2/Collection%20(v2)/Rename.md
milvus_031,milvus_type_entities_delete_001,milvus,2.6.17,implementation-source,2.6.17,aligned,https://github.com/milvus-io/milvus/blob/v2.6.17/internal/distributed/proxy/httpserver/constant.go
milvus_031,milvus_type_entities_get_001,milvus,2.6.17,vendor-documentation,2.6,aligned,https://milvus.io/api-reference/restful/v2.6.x/v2/Vector%20(v2)/Get.md
milvus_031,milvus_type_entities_insert_001,milvus,2.6.17,implementation-source,2.6.17,aligned,https://github.com/milvus-io/milvus/blob/v2.6.17/internal/distributed/proxy/httpserver/constant.go
milvus_031,milvus_type_entities_search_001,milvus,2.6.17,vendor-documentation,2.6,aligned,https://milvus.io/api-reference/restful/v2.6.x/v2/Vector%20(v2)/Search.md
milvus_031,milvus_type_entities_upsert_001,milvus,2.6.17,implementation-source,2.6.17,aligned,https://github.com/milvus-io/milvus/blob/v2.6.17/internal/distributed/proxy/httpserver/constant.go
milvus_032,milvus_behavioral_collections_create_001,milvus,2.6.19,vendor-documentation,2.6,aligned,https://milvus.io/api-reference/restful/v2.6.x/v2/Collection%20(v2)/Create.md
milvus_032,milvus_behavioral_collections_describe_001,milvus,2.6.19,vendor-documentation,2.6,aligned,https://milvus.io/api-reference/restful/v2.6.x/v2/Collection%20(v2)/Create.md
milvus_032,milvus_range_collections_create_001,milvus,2.6.19,vendor-documentation,2.6,aligned,https://milvus.io/api-reference/restful/v2.6.x/v2/Collection%20(v2)/Create.md
milvus_032,milvus_range_collections_create_002,milvus,2.6.19,vendor-documentation,2.6,aligned,https://milvus.io/api-reference/restful/v2.6.x/v2/Collection%20(v2)/Create.md
milvus_032,milvus_range_collections_create_003,milvus,2.6.19,vendor-documentation,2.6,aligned,https://milvus.io/api-reference/restful/v2.6.x/v2/Collection%20(v2)/Create.md
milvus_032,milvus_range_entities_insert_001,milvus,2.6.19,implementation-source,2.6.17,aligned,https://github.com/milvus-io/milvus/blob/v2.6.17/internal/distributed/proxy/httpserver/constant.go
milvus_032,milvus_state_collections_create_001,milvus,2.6.19,vendor-documentation,2.6,aligned,https://milvus.io/api-reference/restful/v2.6.x/v2/Collection%20(v2)/Create.md
milvus_032,milvus_state_entities_insert_001,milvus,2.6.19,implementation-source,2.6.17,aligned,https://github.com/milvus-io/milvus/blob/v2.6.17/internal/distributed/proxy/httpserver/constant.go
milvus_032,milvus_type_collections_create_001,milvus,2.6.19,vendor-documentation,2.6,aligned,https://milvus.io/api-reference/restful/v2.6.x/v2/Collection%20(v2)/Create.md
milvus_032,milvus_type_collections_create_002,milvus,2.6.19,vendor-documentation,2.6,aligned,https://milvus.io/api-reference/restful/v2.6.x/v2/Collection%20(v2)/Create.md
milvus_032,milvus_type_collections_create_003,milvus,2.6.19,vendor-documentation,2.6,aligned,https://milvus.io/api-reference/restful/v2.6.x/v2/Collection%20(v2)/Create.md
milvus_032,milvus_type_collections_drop_001,milvus,2.6.19,vendor-documentation,2.6,aligned,https://milvus.io/api-reference/restful/v2.6.x/v2/Collection%20(v2)/Drop.md
milvus_032,milvus_type_collections_load_001,milvus,2.6.19,vendor-documentation,2.6,aligned,https://milvus.io/api-reference/restful/v2.6.x/v2/Collection%20(v2)/Load.md
milvus_032,milvus_type_collections_rename_001,milvus,2.6.19,vendor-documentation,2.6,aligned,https://milvus.io/api-reference/restful/v2.6.x/v2/Collection%20(v2)/Rename.md
milvus_032,milvus_type_entities_insert_001,milvus,2.6.19,implementation-source,2.6.17,aligned,https://github.com/milvus-io/milvus/blob/v2.6.17/internal/distributed/proxy/httpserver/constant.go
milvus_032,milvus_type_entities_search_001,milvus,2.6.19,vendor-documentation,2.6,aligned,https://milvus.io/api-reference/restful/v2.6.x/v2/Vector%20(v2)/Search.md
milvus_032,milvus_type_entities_upsert_001,milvus,2.6.19,implementation-source,2.6.17,aligned,https://github.com/milvus-io/milvus/blob/v2.6.17/internal/distributed/proxy/httpserver/constant.go
milvus_033,milvus_behavioral_collections_create_001,milvus,2.6.19,vendor-documentation,2.6,aligned,https://milvus.io/api-reference/restful/v2.6.x/v2/Collection%20(v2)/Create.md
milvus_033,milvus_behavioral_collections_describe_001,milvus,2.6.19,vendor-documentation,2.6,aligned,https://milvus.io/api-reference/restful/v2.6.x/v2/Collection%20(v2)/Create.md
milvus_033,milvus_range_collections_create_001,milvus,2.6.19,vendor-documentation,2.6,aligned,https://milvus.io/api-reference/restful/v2.6.x/v2/Collection%20(v2)/Create.md
milvus_033,milvus_range_collections_create_002,milvus,2.6.19,vendor-documentation,2.6,aligned,https://milvus.io/api-reference/restful/v2.6.x/v2/Collection%20(v2)/Create.md
milvus_033,milvus_range_collections_create_003,milvus,2.6.19,vendor-documentation,2.6,aligned,https://milvus.io/api-reference/restful/v2.6.x/v2/Collection%20(v2)/Create.md
milvus_033,milvus_range_entities_insert_001,milvus,2.6.19,implementation-source,2.6.17,aligned,https://github.com/milvus-io/milvus/blob/v2.6.17/internal/distributed/proxy/httpserver/constant.go
milvus_033,milvus_state_collections_create_001,milvus,2.6.19,vendor-documentation,2.6,aligned,https://milvus.io/api-reference/restful/v2.6.x/v2/Collection%20(v2)/Create.md
milvus_033,milvus_state_entities_insert_001,milvus,2.6.19,implementation-source,2.6.17,aligned,https://github.com/milvus-io/milvus/blob/v2.6.17/internal/distributed/proxy/httpserver/constant.go
milvus_033,milvus_type_collections_create_001,milvus,2.6.19,vendor-documentation,2.6,aligned,https://milvus.io/api-reference/restful/v2.6.x/v2/Collection%20(v2)/Create.md
milvus_033,milvus_type_collections_create_002,milvus,2.6.19,vendor-documentation,2.6,aligned,https://milvus.io/api-reference/restful/v2.6.x/v2/Collection%20(v2)/Create.md
milvus_033,milvus_type_collections_create_003,milvus,2.6.19,vendor-documentation,2.6,aligned,https://milvus.io/api-reference/restful/v2.6.x/v2/Collection%20(v2)/Create.md
milvus_033,milvus_type_collections_drop_001,milvus,2.6.19,vendor-documentation,2.6,aligned,https://milvus.io/api-reference/restful/v2.6.x/v2/Collection%20(v2)/Drop.md
milvus_033,milvus_type_collections_load_001,milvus,2.6.19,vendor-documentation,2.6,aligned,https://milvus.io/api-reference/restful/v2.6.x/v2/Collection%20(v2)/Load.md
milvus_033,milvus_type_collections_rename_001,milvus,2.6.19,vendor-documentation,2.6,aligned,https://milvus.io/api-reference/restful/v2.6.x/v2/Collection%20(v2)/Rename.md
milvus_033,milvus_type_entities_insert_001,milvus,2.6.19,implementation-source,2.6.17,aligned,https://github.com/milvus-io/milvus/blob/v2.6.17/internal/distributed/proxy/httpserver/constant.go
milvus_033,milvus_type_entities_search_001,milvus,2.6.19,vendor-documentation,2.6,aligned,https://milvus.io/api-reference/restful/v2.6.x/v2/Vector%20(v2)/Search.md
milvus_033,milvus_type_entities_upsert_001,milvus,2.6.19,implementation-source,2.6.17,aligned,https://github.com/milvus-io/milvus/blob/v2.6.17/internal/distributed/proxy/httpserver/constant.go
qdrant_002,qdrant_behavioral_001,qdrant,1.18.0,vendor-documentation,1.18,aligned,https://api.qdrant.tech/v-1-18-x/api-reference/collections/create-collection
qdrant_002,qdrant_behavioral_005,qdrant,1.18.0,vendor-documentation,1.18,aligned,https://api.qdrant.tech/v-1-18-x/api-reference/points/upsert-points
qdrant_002,qdrant_behavioral_006,qdrant,1.18.0,vendor-documentation,1.18,aligned,https://api.qdrant.tech/v-1-18-x/api-reference
qdrant_002,qdrant_behavioral_007,qdrant,1.18.0,vendor-documentation,1.18,aligned,https://api.qdrant.tech/v-1-18-x/api-reference
qdrant_002,qdrant_behavioral_008,qdrant,1.18.0,vendor-documentation,1.18,aligned,https://api.qdrant.tech/v-1-18-x/api-reference/search/points
qdrant_002,qdrant_behavioral_009,qdrant,1.18.0,vendor-documentation,1.18,aligned,https://api.qdrant.tech/v-1-18-x/api-reference
qdrant_002,qdrant_behavioral_010,qdrant,1.18.0,vendor-documentation,1.18,aligned,https://api.qdrant.tech/v-1-18-x/api-reference
qdrant_002,qdrant_behavioral_011,qdrant,1.18.0,vendor-documentation,1.18,aligned,https://api.qdrant.tech/v-1-18-x/api-reference
qdrant_002,qdrant_behavioral_012,qdrant,1.18.0,vendor-documentation,1.18,aligned,https://api.qdrant.tech/v-1-18-x/api-reference
qdrant_002,qdrant_behavioral_016,qdrant,1.18.0,vendor-documentation,1.18,aligned,https://api.qdrant.tech/v-1-18-x/api-reference/points/set-payload
qdrant_002,qdrant_range_query_points_008,qdrant,1.18.0,vendor-documentation,1.18,aligned,https://api.qdrant.tech/v-1-18-x/api-reference
qdrant_002,qdrant_range_recommend_009,qdrant,1.18.0,vendor-documentation,1.18,aligned,https://api.qdrant.tech/v-1-18-x/api-reference
qdrant_002,qdrant_range_scroll_points_005,qdrant,1.18.0,vendor-documentation,1.18,aligned,https://api.qdrant.tech/v-1-18-x/api-reference
qdrant_002,qdrant_range_search_groups_007,qdrant,1.18.0,vendor-documentation,1.18,aligned,https://api.qdrant.tech/v-1-18-x/api-reference
qdrant_002,qdrant_range_search_points_006,qdrant,1.18.0,vendor-documentation,1.18,aligned,https://api.qdrant.tech/v-1-18-x/api-reference/search/points
qdrant_002,qdrant_state_batch_update_007,qdrant,1.18.0,vendor-documentation,1.18,aligned,https://api.qdrant.tech/v-1-18-x/api-reference
qdrant_002,qdrant_state_count_points_008,qdrant,1.18.0,vendor-documentation,1.18,aligned,https://api.qdrant.tech/v-1-18-x/api-reference
qdrant_002,qdrant_state_delete_points_005,qdrant,1.18.0,vendor-documentation,1.18,aligned,https://api.qdrant.tech/v-1-18-x/api-reference
qdrant_002,qdrant_state_query_points_010,qdrant,1.18.0,vendor-documentation,1.18,aligned,https://api.qdrant.tech/v-1-18-x/api-reference
qdrant_002,qdrant_state_search_points_009,qdrant,1.18.0,vendor-documentation,1.18,aligned,https://api.qdrant.tech/v-1-18-x/api-reference/search/points
qdrant_002,qdrant_state_set_payload_006,qdrant,1.18.0,vendor-documentation,1.18,aligned,https://api.qdrant.tech/v-1-18-x/api-reference/points/set-payload
qdrant_002,qdrant_state_upsert_points_004,qdrant,1.18.0,vendor-documentation,1.18,aligned,https://api.qdrant.tech/v-1-18-x/api-reference/points/upsert-points
qdrant_002,qdrant_type_create_collection_001,qdrant,1.18.0,vendor-documentation,1.18,aligned,https://api.qdrant.tech/v-1-18-x/api-reference/collections/create-collection
qdrant_002,qdrant_type_overwrite_payload_004,qdrant,1.18.0,vendor-documentation,1.18,aligned,https://api.qdrant.tech/v-1-18-x/api-reference
qdrant_002,qdrant_type_update_collection_002,qdrant,1.18.0,vendor-documentation,1.18,aligned,https://api.qdrant.tech/v-1-18-x/api-reference
qdrant_002,qdrant_type_upsert_points_003,qdrant,1.18.0,vendor-documentation,1.18,aligned,https://api.qdrant.tech/v-1-18-x/api-reference/points/upsert-points
qdrant_003,qdrant_behavioral_005,qdrant,1.18.0,vendor-documentation,1.18,aligned,https://api.qdrant.tech/v-1-18-x/api-reference/points/upsert-points
qdrant_003,qdrant_behavioral_006,qdrant,1.18.0,vendor-documentation,1.18,aligned,https://api.qdrant.tech/v-1-18-x/api-reference
qdrant_003,qdrant_behavioral_007,qdrant,1.18.0,vendor-documentation,1.18,aligned,https://api.qdrant.tech/v-1-18-x/api-reference
qdrant_003,qdrant_behavioral_008,qdrant,1.18.0,vendor-documentation,1.18,aligned,https://api.qdrant.tech/v-1-18-x/api-reference/search/points
qdrant_003,qdrant_behavioral_009,qdrant,1.18.0,vendor-documentation,1.18,aligned,https://api.qdrant.tech/v-1-18-x/api-reference
qdrant_003,qdrant_behavioral_010,qdrant,1.18.0,vendor-documentation,1.18,aligned,https://api.qdrant.tech/v-1-18-x/api-reference
qdrant_003,qdrant_behavioral_011,qdrant,1.18.0,vendor-documentation,1.18,aligned,https://api.qdrant.tech/v-1-18-x/api-reference
qdrant_003,qdrant_behavioral_012,qdrant,1.18.0,vendor-documentation,1.18,aligned,https://api.qdrant.tech/v-1-18-x/api-reference
qdrant_003,qdrant_behavioral_016,qdrant,1.18.0,vendor-documentation,1.18,aligned,https://api.qdrant.tech/v-1-18-x/api-reference/points/set-payload
qdrant_003,qdrant_range_create_collection_001,qdrant,1.18.0,vendor-documentation,1.18,aligned,https://api.qdrant.tech/v-1-18-x/api-reference/collections/create-collection
qdrant_003,qdrant_range_create_collection_002,qdrant,1.18.0,vendor-documentation,1.18,aligned,https://api.qdrant.tech/v-1-18-x/api-reference/collections/create-collection
qdrant_003,qdrant_range_query_points_008,qdrant,1.18.0,vendor-documentation,1.18,aligned,https://api.qdrant.tech/v-1-18-x/api-reference
qdrant_003,qdrant_range_recommend_009,qdrant,1.18.0,vendor-documentation,1.18,aligned,https://api.qdrant.tech/v-1-18-x/api-reference
qdrant_003,qdrant_range_scroll_points_005,qdrant,1.18.0,vendor-documentation,1.18,aligned,https://api.qdrant.tech/v-1-18-x/api-reference
qdrant_003,qdrant_range_search_groups_007,qdrant,1.18.0,vendor-documentation,1.18,aligned,https://api.qdrant.tech/v-1-18-x/api-reference
qdrant_003,qdrant_range_search_points_006,qdrant,1.18.0,vendor-documentation,1.18,aligned,https://api.qdrant.tech/v-1-18-x/api-reference/search/points
qdrant_003,qdrant_state_batch_update_007,qdrant,1.18.0,vendor-documentation,1.18,aligned,https://api.qdrant.tech/v-1-18-x/api-reference
qdrant_003,qdrant_state_count_points_008,qdrant,1.18.0,vendor-documentation,1.18,aligned,https://api.qdrant.tech/v-1-18-x/api-reference
qdrant_003,qdrant_state_delete_points_005,qdrant,1.18.0,vendor-documentation,1.18,aligned,https://api.qdrant.tech/v-1-18-x/api-reference
qdrant_003,qdrant_state_query_points_010,qdrant,1.18.0,vendor-documentation,1.18,aligned,https://api.qdrant.tech/v-1-18-x/api-reference
qdrant_003,qdrant_state_search_points_009,qdrant,1.18.0,vendor-documentation,1.18,aligned,https://api.qdrant.tech/v-1-18-x/api-reference/search/points
qdrant_003,qdrant_state_set_payload_006,qdrant,1.18.0,vendor-documentation,1.18,aligned,https://api.qdrant.tech/v-1-18-x/api-reference/points/set-payload
qdrant_003,qdrant_state_upsert_points_004,qdrant,1.18.0,vendor-documentation,1.18,aligned,https://api.qdrant.tech/v-1-18-x/api-reference/points/upsert-points
qdrant_003,qdrant_type_create_collection_001,qdrant,1.18.0,vendor-documentation,1.18,aligned,https://api.qdrant.tech/v-1-18-x/api-reference/collections/create-collection
qdrant_003,qdrant_type_overwrite_payload_004,qdrant,1.18.0,vendor-documentation,1.18,aligned,https://api.qdrant.tech/v-1-18-x/api-reference
qdrant_003,qdrant_type_update_collection_002,qdrant,1.18.0,vendor-documentation,1.18,aligned,https://api.qdrant.tech/v-1-18-x/api-reference
qdrant_003,qdrant_type_upsert_points_003,qdrant,1.18.0,vendor-documentation,1.18,aligned,https://api.qdrant.tech/v-1-18-x/api-reference/points/upsert-points
qdrant_004,qdrant_behavioral_001,qdrant,1.18.0,vendor-documentation,1.18,aligned,https://api.qdrant.tech/v-1-18-x/api-reference/collections/create-collection
qdrant_004,qdrant_behavioral_005,qdrant,1.18.0,vendor-documentation,1.18,aligned,https://api.qdrant.tech/v-1-18-x/api-reference/points/upsert-points
qdrant_004,qdrant_behavioral_006,qdrant,1.18.0,vendor-documentation,1.18,aligned,https://api.qdrant.tech/v-1-18-x/api-reference
qdrant_004,qdrant_behavioral_007,qdrant,1.18.0,vendor-documentation,1.18,aligned,https://api.qdrant.tech/v-1-18-x/api-reference
qdrant_004,qdrant_behavioral_008,qdrant,1.18.0,vendor-documentation,1.18,aligned,https://api.qdrant.tech/v-1-18-x/api-reference/search/points
qdrant_004,qdrant_behavioral_009,qdrant,1.18.0,vendor-documentation,1.18,aligned,https://api.qdrant.tech/v-1-18-x/api-reference
qdrant_004,qdrant_behavioral_010,qdrant,1.18.0,vendor-documentation,1.18,aligned,https://api.qdrant.tech/v-1-18-x/api-reference
qdrant_004,qdrant_behavioral_011,qdrant,1.18.0,vendor-documentation,1.18,aligned,https://api.qdrant.tech/v-1-18-x/api-reference
qdrant_004,qdrant_behavioral_012,qdrant,1.18.0,vendor-documentation,1.18,aligned,https://api.qdrant.tech/v-1-18-x/api-reference
qdrant_004,qdrant_behavioral_016,qdrant,1.18.0,vendor-documentation,1.18,aligned,https://api.qdrant.tech/v-1-18-x/api-reference/points/set-payload
qdrant_004,qdrant_range_create_collection_001,qdrant,1.18.0,vendor-documentation,1.18,aligned,https://api.qdrant.tech/v-1-18-x/api-reference/collections/create-collection
qdrant_004,qdrant_range_create_collection_002,qdrant,1.18.0,vendor-documentation,1.18,aligned,https://api.qdrant.tech/v-1-18-x/api-reference/collections/create-collection
qdrant_004,qdrant_range_create_collection_003,qdrant,1.18.0,vendor-documentation,1.18,aligned,https://api.qdrant.tech/v-1-18-x/api-reference/collections/create-collection
qdrant_004,qdrant_range_query_points_008,qdrant,1.18.0,vendor-documentation,1.18,aligned,https://api.qdrant.tech/v-1-18-x/api-reference
qdrant_004,qdrant_range_recommend_009,qdrant,1.18.0,vendor-documentation,1.18,aligned,https://api.qdrant.tech/v-1-18-x/api-reference
qdrant_004,qdrant_range_scroll_points_005,qdrant,1.18.0,vendor-documentation,1.18,aligned,https://api.qdrant.tech/v-1-18-x/api-reference
qdrant_004,qdrant_range_search_groups_007,qdrant,1.18.0,vendor-documentation,1.18,aligned,https://api.qdrant.tech/v-1-18-x/api-reference
qdrant_004,qdrant_range_search_points_006,qdrant,1.18.0,vendor-documentation,1.18,aligned,https://api.qdrant.tech/v-1-18-x/api-reference/search/points
qdrant_004,qdrant_state_batch_update_007,qdrant,1.18.0,vendor-documentation,1.18,aligned,https://api.qdrant.tech/v-1-18-x/api-reference
qdrant_004,qdrant_state_count_points_008,qdrant,1.18.0,vendor-documentation,1.18,aligned,https://api.qdrant.tech/v-1-18-x/api-reference
qdrant_004,qdrant_state_delete_points_005,qdrant,1.18.0,vendor-documentation,1.18,aligned,https://api.qdrant.tech/v-1-18-x/api-reference
qdrant_004,qdrant_state_query_points_010,qdrant,1.18.0,vendor-documentation,1.18,aligned,https://api.qdrant.tech/v-1-18-x/api-reference
qdrant_004,qdrant_state_search_points_009,qdrant,1.18.0,vendor-documentation,1.18,aligned,https://api.qdrant.tech/v-1-18-x/api-reference/search/points
qdrant_004,qdrant_state_set_payload_006,qdrant,1.18.0,vendor-documentation,1.18,aligned,https://api.qdrant.tech/v-1-18-x/api-reference/points/set-payload
qdrant_004,qdrant_state_upsert_points_004,qdrant,1.18.0,vendor-documentation,1.18,aligned,https://api.qdrant.tech/v-1-18-x/api-reference/points/upsert-points
qdrant_004,qdrant_type_overwrite_payload_004,qdrant,1.18.0,vendor-documentation,1.18,aligned,https://api.qdrant.tech/v-1-18-x/api-reference
qdrant_004,qdrant_type_upsert_points_003,qdrant,1.18.0,vendor-documentation,1.18,aligned,https://api.qdrant.tech/v-1-18-x/api-reference/points/upsert-points
qdrant_005,qdrant_behavioral_001,qdrant,1.18.1,vendor-documentation,1.18,aligned,https://api.qdrant.tech/v-1-18-x/api-reference/collections/create-collection
qdrant_005,qdrant_behavioral_002,qdrant,1.18.1,vendor-documentation,1.18,aligned,https://api.qdrant.tech/v-1-18-x/api-reference
qdrant_005,qdrant_behavioral_003,qdrant,1.18.1,vendor-documentation,1.18,aligned,https://api.qdrant.tech/v-1-18-x/api-reference/collections/get-collection
qdrant_005,qdrant_behavioral_004,qdrant,1.18.1,vendor-documentation,1.18,aligned,https://api.qdrant.tech/v-1-18-x/api-reference
qdrant_005,qdrant_behavioral_005,qdrant,1.18.1,vendor-documentation,1.18,aligned,https://api.qdrant.tech/v-1-18-x/api-reference/points/upsert-points
qdrant_005,qdrant_behavioral_006,qdrant,1.18.1,vendor-documentation,1.18,aligned,https://api.qdrant.tech/v-1-18-x/api-reference
qdrant_005,qdrant_behavioral_007,qdrant,1.18.1,vendor-documentation,1.18,aligned,https://api.qdrant.tech/v-1-18-x/api-reference
qdrant_005,qdrant_behavioral_008,qdrant,1.18.1,vendor-documentation,1.18,aligned,https://api.qdrant.tech/v-1-18-x/api-reference/search/points
qdrant_005,qdrant_behavioral_009,qdrant,1.18.1,vendor-documentation,1.18,aligned,https://api.qdrant.tech/v-1-18-x/api-reference
qdrant_005,qdrant_behavioral_010,qdrant,1.18.1,vendor-documentation,1.18,aligned,https://api.qdrant.tech/v-1-18-x/api-reference
qdrant_005,qdrant_behavioral_011,qdrant,1.18.1,vendor-documentation,1.18,aligned,https://api.qdrant.tech/v-1-18-x/api-reference
qdrant_005,qdrant_behavioral_012,qdrant,1.18.1,vendor-documentation,1.18,aligned,https://api.qdrant.tech/v-1-18-x/api-reference
qdrant_005,qdrant_behavioral_013,qdrant,1.18.1,vendor-documentation,1.18,aligned,https://api.qdrant.tech/v-1-18-x/api-reference
qdrant_005,qdrant_behavioral_014,qdrant,1.18.1,vendor-documentation,1.18,aligned,https://api.qdrant.tech/v-1-18-x/api-reference
qdrant_005,qdrant_behavioral_015,qdrant,1.18.1,vendor-documentation,1.18,aligned,https://api.qdrant.tech/v-1-18-x/api-reference
qdrant_005,qdrant_behavioral_016,qdrant,1.18.1,vendor-documentation,1.18,aligned,https://api.qdrant.tech/v-1-18-x/api-reference/points/set-payload
qdrant_005,qdrant_behavioral_017,qdrant,1.18.1,vendor-documentation,1.18,aligned,https://api.qdrant.tech/v-1-18-x/api-reference
qdrant_005,qdrant_range_create_collection_001,qdrant,1.18.1,vendor-documentation,1.18,aligned,https://api.qdrant.tech/v-1-18-x/api-reference/collections/create-collection
qdrant_005,qdrant_range_create_collection_002,qdrant,1.18.1,vendor-documentation,1.18,aligned,https://api.qdrant.tech/v-1-18-x/api-reference/collections/create-collection
qdrant_005,qdrant_range_create_collection_003,qdrant,1.18.1,vendor-documentation,1.18,aligned,https://api.qdrant.tech/v-1-18-x/api-reference/collections/create-collection
qdrant_005,qdrant_range_create_collection_004,qdrant,1.18.1,vendor-documentation,1.18,aligned,https://api.qdrant.tech/v-1-18-x/api-reference/collections/create-collection
qdrant_005,qdrant_range_query_points_008,qdrant,1.18.1,vendor-documentation,1.18,aligned,https://api.qdrant.tech/v-1-18-x/api-reference
qdrant_005,qdrant_range_recommend_009,qdrant,1.18.1,vendor-documentation,1.18,aligned,https://api.qdrant.tech/v-1-18-x/api-reference
qdrant_005,qdrant_range_scroll_points_005,qdrant,1.18.1,vendor-documentation,1.18,aligned,https://api.qdrant.tech/v-1-18-x/api-reference
qdrant_005,qdrant_range_search_groups_007,qdrant,1.18.1,vendor-documentation,1.18,aligned,https://api.qdrant.tech/v-1-18-x/api-reference
qdrant_005,qdrant_range_search_points_006,qdrant,1.18.1,vendor-documentation,1.18,aligned,https://api.qdrant.tech/v-1-18-x/api-reference/search/points
qdrant_005,qdrant_state_batch_update_007,qdrant,1.18.1,vendor-documentation,1.18,aligned,https://api.qdrant.tech/v-1-18-x/api-reference
qdrant_005,qdrant_state_count_points_008,qdrant,1.18.1,vendor-documentation,1.18,aligned,https://api.qdrant.tech/v-1-18-x/api-reference
qdrant_005,qdrant_state_create_collection_001,qdrant,1.18.1,vendor-documentation,1.18,aligned,https://api.qdrant.tech/v-1-18-x/api-reference/collections/create-collection
qdrant_005,qdrant_state_create_index_011,qdrant,1.18.1,vendor-documentation,1.18,aligned,https://api.qdrant.tech/v-1-18-x/api-reference
qdrant_005,qdrant_state_delete_collection_003,qdrant,1.18.1,vendor-documentation,1.18,aligned,https://api.qdrant.tech/v-1-18-x/api-reference
qdrant_005,qdrant_state_delete_points_005,qdrant,1.18.1,vendor-documentation,1.18,aligned,https://api.qdrant.tech/v-1-18-x/api-reference
qdrant_005,qdrant_state_query_points_010,qdrant,1.18.1,vendor-documentation,1.18,aligned,https://api.qdrant.tech/v-1-18-x/api-reference
qdrant_005,qdrant_state_search_points_009,qdrant,1.18.1,vendor-documentation,1.18,aligned,https://api.qdrant.tech/v-1-18-x/api-reference/search/points
qdrant_005,qdrant_state_set_payload_006,qdrant,1.18.1,vendor-documentation,1.18,aligned,https://api.qdrant.tech/v-1-18-x/api-reference/points/set-payload
qdrant_005,qdrant_state_update_aliases_012,qdrant,1.18.1,vendor-documentation,1.18,aligned,https://api.qdrant.tech/v-1-18-x/api-reference
qdrant_005,qdrant_state_update_collection_002,qdrant,1.18.1,vendor-documentation,1.18,aligned,https://api.qdrant.tech/v-1-18-x/api-reference
qdrant_005,qdrant_state_upsert_points_004,qdrant,1.18.1,vendor-documentation,1.18,aligned,https://api.qdrant.tech/v-1-18-x/api-reference/points/upsert-points
qdrant_005,qdrant_type_create_collection_001,qdrant,1.18.1,vendor-documentation,1.18,aligned,https://api.qdrant.tech/v-1-18-x/api-reference/collections/create-collection
qdrant_005,qdrant_type_overwrite_payload_004,qdrant,1.18.1,vendor-documentation,1.18,aligned,https://api.qdrant.tech/v-1-18-x/api-reference
qdrant_005,qdrant_type_update_collection_002,qdrant,1.18.1,vendor-documentation,1.18,aligned,https://api.qdrant.tech/v-1-18-x/api-reference
qdrant_005,qdrant_type_upsert_points_003,qdrant,1.18.1,vendor-documentation,1.18,aligned,https://api.qdrant.tech/v-1-18-x/api-reference/points/upsert-points
qdrant_006,qdrant_behavioral_001,qdrant,1.18.1,vendor-documentation,1.18,aligned,https://api.qdrant.tech/v-1-18-x/api-reference/collections/create-collection
qdrant_006,qdrant_behavioral_002,qdrant,1.18.1,vendor-documentation,1.18,aligned,https://api.qdrant.tech/v-1-18-x/api-reference
qdrant_006,qdrant_behavioral_003,qdrant,1.18.1,vendor-documentation,1.18,aligned,https://api.qdrant.tech/v-1-18-x/api-reference/collections/get-collection
qdrant_006,qdrant_behavioral_005,qdrant,1.18.1,vendor-documentation,1.18,aligned,https://api.qdrant.tech/v-1-18-x/api-reference/points/upsert-points
qdrant_006,qdrant_behavioral_006,qdrant,1.18.1,vendor-documentation,1.18,aligned,https://api.qdrant.tech/v-1-18-x/api-reference
qdrant_006,qdrant_behavioral_007,qdrant,1.18.1,vendor-documentation,1.18,aligned,https://api.qdrant.tech/v-1-18-x/api-reference
qdrant_006,qdrant_behavioral_008,qdrant,1.18.1,vendor-documentation,1.18,aligned,https://api.qdrant.tech/v-1-18-x/api-reference/search/points
qdrant_006,qdrant_behavioral_009,qdrant,1.18.1,vendor-documentation,1.18,aligned,https://api.qdrant.tech/v-1-18-x/api-reference
qdrant_006,qdrant_behavioral_010,qdrant,1.18.1,vendor-documentation,1.18,aligned,https://api.qdrant.tech/v-1-18-x/api-reference
qdrant_006,qdrant_behavioral_011,qdrant,1.18.1,vendor-documentation,1.18,aligned,https://api.qdrant.tech/v-1-18-x/api-reference
qdrant_006,qdrant_behavioral_012,qdrant,1.18.1,vendor-documentation,1.18,aligned,https://api.qdrant.tech/v-1-18-x/api-reference
qdrant_006,qdrant_behavioral_016,qdrant,1.18.1,vendor-documentation,1.18,aligned,https://api.qdrant.tech/v-1-18-x/api-reference/points/set-payload
qdrant_006,qdrant_behavioral_017,qdrant,1.18.1,vendor-documentation,1.18,aligned,https://api.qdrant.tech/v-1-18-x/api-reference
qdrant_006,qdrant_range_create_collection_001,qdrant,1.18.1,vendor-documentation,1.18,aligned,https://api.qdrant.tech/v-1-18-x/api-reference/collections/create-collection
qdrant_006,qdrant_range_create_collection_002,qdrant,1.18.1,vendor-documentation,1.18,aligned,https://api.qdrant.tech/v-1-18-x/api-reference/collections/create-collection
qdrant_006,qdrant_range_create_collection_003,qdrant,1.18.1,vendor-documentation,1.18,aligned,https://api.qdrant.tech/v-1-18-x/api-reference/collections/create-collection
qdrant_006,qdrant_range_create_collection_004,qdrant,1.18.1,vendor-documentation,1.18,aligned,https://api.qdrant.tech/v-1-18-x/api-reference/collections/create-collection
qdrant_006,qdrant_range_query_points_008,qdrant,1.18.1,vendor-documentation,1.18,aligned,https://api.qdrant.tech/v-1-18-x/api-reference
qdrant_006,qdrant_range_recommend_009,qdrant,1.18.1,vendor-documentation,1.18,aligned,https://api.qdrant.tech/v-1-18-x/api-reference
qdrant_006,qdrant_range_scroll_points_005,qdrant,1.18.1,vendor-documentation,1.18,aligned,https://api.qdrant.tech/v-1-18-x/api-reference
qdrant_006,qdrant_range_search_groups_007,qdrant,1.18.1,vendor-documentation,1.18,aligned,https://api.qdrant.tech/v-1-18-x/api-reference
qdrant_006,qdrant_range_search_points_006,qdrant,1.18.1,vendor-documentation,1.18,aligned,https://api.qdrant.tech/v-1-18-x/api-reference/search/points
qdrant_006,qdrant_state_batch_update_007,qdrant,1.18.1,vendor-documentation,1.18,aligned,https://api.qdrant.tech/v-1-18-x/api-reference
qdrant_006,qdrant_state_count_points_008,qdrant,1.18.1,vendor-documentation,1.18,aligned,https://api.qdrant.tech/v-1-18-x/api-reference
qdrant_006,qdrant_state_create_collection_001,qdrant,1.18.1,vendor-documentation,1.18,aligned,https://api.qdrant.tech/v-1-18-x/api-reference/collections/create-collection
qdrant_006,qdrant_state_delete_collection_003,qdrant,1.18.1,vendor-documentation,1.18,aligned,https://api.qdrant.tech/v-1-18-x/api-reference
qdrant_006,qdrant_state_delete_points_005,qdrant,1.18.1,vendor-documentation,1.18,aligned,https://api.qdrant.tech/v-1-18-x/api-reference
qdrant_006,qdrant_state_query_points_010,qdrant,1.18.1,vendor-documentation,1.18,aligned,https://api.qdrant.tech/v-1-18-x/api-reference
qdrant_006,qdrant_state_search_points_009,qdrant,1.18.1,vendor-documentation,1.18,aligned,https://api.qdrant.tech/v-1-18-x/api-reference/search/points
qdrant_006,qdrant_state_set_payload_006,qdrant,1.18.1,vendor-documentation,1.18,aligned,https://api.qdrant.tech/v-1-18-x/api-reference/points/set-payload
qdrant_006,qdrant_state_update_collection_002,qdrant,1.18.1,vendor-documentation,1.18,aligned,https://api.qdrant.tech/v-1-18-x/api-reference
qdrant_006,qdrant_state_upsert_points_004,qdrant,1.18.1,vendor-documentation,1.18,aligned,https://api.qdrant.tech/v-1-18-x/api-reference/points/upsert-points
qdrant_006,qdrant_type_create_collection_001,qdrant,1.18.1,vendor-documentation,1.18,aligned,https://api.qdrant.tech/v-1-18-x/api-reference/collections/create-collection
qdrant_006,qdrant_type_overwrite_payload_004,qdrant,1.18.1,vendor-documentation,1.18,aligned,https://api.qdrant.tech/v-1-18-x/api-reference
qdrant_006,qdrant_type_update_collection_002,qdrant,1.18.1,vendor-documentation,1.18,aligned,https://api.qdrant.tech/v-1-18-x/api-reference
qdrant_006,qdrant_type_upsert_points_003,qdrant,1.18.1,vendor-documentation,1.18,aligned,https://api.qdrant.tech/v-1-18-x/api-reference/points/upsert-points
qdrant_007,qdrant_behavioral_001,qdrant,1.18.2,vendor-documentation,1.18,aligned,https://api.qdrant.tech/v-1-18-x/api-reference/collections/create-collection
qdrant_007,qdrant_behavioral_002,qdrant,1.18.2,vendor-documentation,1.18,aligned,https://api.qdrant.tech/v-1-18-x/api-reference
qdrant_007,qdrant_behavioral_003,qdrant,1.18.2,vendor-documentation,1.18,aligned,https://api.qdrant.tech/v-1-18-x/api-reference/collections/get-collection
qdrant_007,qdrant_behavioral_005,qdrant,1.18.2,vendor-documentation,1.18,aligned,https://api.qdrant.tech/v-1-18-x/api-reference/points/upsert-points
qdrant_007,qdrant_behavioral_006,qdrant,1.18.2,vendor-documentation,1.18,aligned,https://api.qdrant.tech/v-1-18-x/api-reference
qdrant_007,qdrant_behavioral_007,qdrant,1.18.2,vendor-documentation,1.18,aligned,https://api.qdrant.tech/v-1-18-x/api-reference
qdrant_007,qdrant_behavioral_010,qdrant,1.18.2,vendor-documentation,1.18,aligned,https://api.qdrant.tech/v-1-18-x/api-reference
qdrant_007,qdrant_behavioral_015,qdrant,1.18.2,vendor-documentation,1.18,aligned,https://api.qdrant.tech/v-1-18-x/api-reference
qdrant_007,qdrant_behavioral_017,qdrant,1.18.2,vendor-documentation,1.18,aligned,https://api.qdrant.tech/v-1-18-x/api-reference
qdrant_007,qdrant_range_create_collection_001,qdrant,1.18.2,vendor-documentation,1.18,aligned,https://api.qdrant.tech/v-1-18-x/api-reference/collections/create-collection
qdrant_007,qdrant_range_create_collection_002,qdrant,1.18.2,vendor-documentation,1.18,aligned,https://api.qdrant.tech/v-1-18-x/api-reference/collections/create-collection
qdrant_007,qdrant_range_create_collection_003,qdrant,1.18.2,vendor-documentation,1.18,aligned,https://api.qdrant.tech/v-1-18-x/api-reference/collections/create-collection
qdrant_007,qdrant_range_create_collection_004,qdrant,1.18.2,vendor-documentation,1.18,aligned,https://api.qdrant.tech/v-1-18-x/api-reference/collections/create-collection
qdrant_007,qdrant_range_recommend_009,qdrant,1.18.2,vendor-documentation,1.18,aligned,https://api.qdrant.tech/v-1-18-x/api-reference
qdrant_007,qdrant_range_search_groups_007,qdrant,1.18.2,vendor-documentation,1.18,aligned,https://api.qdrant.tech/v-1-18-x/api-reference
qdrant_007,qdrant_range_search_points_006,qdrant,1.18.2,vendor-documentation,1.18,aligned,https://api.qdrant.tech/v-1-18-x/api-reference/search/points
qdrant_007,qdrant_state_batch_update_007,qdrant,1.18.2,vendor-documentation,1.18,aligned,https://api.qdrant.tech/v-1-18-x/api-reference
qdrant_007,qdrant_state_count_points_008,qdrant,1.18.2,vendor-documentation,1.18,aligned,https://api.qdrant.tech/v-1-18-x/api-reference
qdrant_007,qdrant_state_create_collection_001,qdrant,1.18.2,vendor-documentation,1.18,aligned,https://api.qdrant.tech/v-1-18-x/api-reference/collections/create-collection
qdrant_007,qdrant_state_delete_collection_003,qdrant,1.18.2,vendor-documentation,1.18,aligned,https://api.qdrant.tech/v-1-18-x/api-reference
qdrant_007,qdrant_state_delete_points_005,qdrant,1.18.2,vendor-documentation,1.18,aligned,https://api.qdrant.tech/v-1-18-x/api-reference
qdrant_007,qdrant_state_search_points_009,qdrant,1.18.2,vendor-documentation,1.18,aligned,https://api.qdrant.tech/v-1-18-x/api-reference/search/points
qdrant_007,qdrant_state_update_aliases_012,qdrant,1.18.2,vendor-documentation,1.18,aligned,https://api.qdrant.tech/v-1-18-x/api-reference
qdrant_007,qdrant_state_update_collection_002,qdrant,1.18.2,vendor-documentation,1.18,aligned,https://api.qdrant.tech/v-1-18-x/api-reference
qdrant_007,qdrant_state_upsert_points_004,qdrant,1.18.2,vendor-documentation,1.18,aligned,https://api.qdrant.tech/v-1-18-x/api-reference/points/upsert-points
qdrant_007,qdrant_type_create_collection_001,qdrant,1.18.2,vendor-documentation,1.18,aligned,https://api.qdrant.tech/v-1-18-x/api-reference/collections/create-collection
qdrant_007,qdrant_type_update_collection_002,qdrant,1.18.2,vendor-documentation,1.18,aligned,https://api.qdrant.tech/v-1-18-x/api-reference
qdrant_007,qdrant_type_upsert_points_003,qdrant,1.18.2,vendor-documentation,1.18,aligned,https://api.qdrant.tech/v-1-18-x/api-reference/points/upsert-points
qdrant_008,qdrant_behavioral_001,qdrant,1.18.2,vendor-documentation,1.18,aligned,https://api.qdrant.tech/v-1-18-x/api-reference/collections/create-collection
qdrant_008,qdrant_behavioral_002,qdrant,1.18.2,vendor-documentation,1.18,aligned,https://api.qdrant.tech/v-1-18-x/api-reference
qdrant_008,qdrant_behavioral_003,qdrant,1.18.2,vendor-documentation,1.18,aligned,https://api.qdrant.tech/v-1-18-x/api-reference/collections/get-collection
qdrant_008,qdrant_behavioral_005,qdrant,1.18.2,vendor-documentation,1.18,aligned,https://api.qdrant.tech/v-1-18-x/api-reference/points/upsert-points
qdrant_008,qdrant_behavioral_006,qdrant,1.18.2,vendor-documentation,1.18,aligned,https://api.qdrant.tech/v-1-18-x/api-reference
qdrant_008,qdrant_behavioral_007,qdrant,1.18.2,vendor-documentation,1.18,aligned,https://api.qdrant.tech/v-1-18-x/api-reference
qdrant_008,qdrant_behavioral_009,qdrant,1.18.2,vendor-documentation,1.18,aligned,https://api.qdrant.tech/v-1-18-x/api-reference
qdrant_008,qdrant_behavioral_014,qdrant,1.18.2,vendor-documentation,1.18,aligned,https://api.qdrant.tech/v-1-18-x/api-reference
qdrant_008,qdrant_behavioral_016,qdrant,1.18.2,vendor-documentation,1.18,aligned,https://api.qdrant.tech/v-1-18-x/api-reference/points/set-payload
qdrant_008,qdrant_behavioral_017,qdrant,1.18.2,vendor-documentation,1.18,aligned,https://api.qdrant.tech/v-1-18-x/api-reference
qdrant_008,qdrant_range_create_collection_001,qdrant,1.18.2,vendor-documentation,1.18,aligned,https://api.qdrant.tech/v-1-18-x/api-reference/collections/create-collection
qdrant_008,qdrant_range_create_collection_002,qdrant,1.18.2,vendor-documentation,1.18,aligned,https://api.qdrant.tech/v-1-18-x/api-reference/collections/create-collection
qdrant_008,qdrant_range_create_collection_003,qdrant,1.18.2,vendor-documentation,1.18,aligned,https://api.qdrant.tech/v-1-18-x/api-reference/collections/create-collection
qdrant_008,qdrant_range_create_collection_004,qdrant,1.18.2,vendor-documentation,1.18,aligned,https://api.qdrant.tech/v-1-18-x/api-reference/collections/create-collection
qdrant_008,qdrant_range_query_points_008,qdrant,1.18.2,vendor-documentation,1.18,aligned,https://api.qdrant.tech/v-1-18-x/api-reference
qdrant_008,qdrant_range_recommend_009,qdrant,1.18.2,vendor-documentation,1.18,aligned,https://api.qdrant.tech/v-1-18-x/api-reference
qdrant_008,qdrant_range_scroll_points_005,qdrant,1.18.2,vendor-documentation,1.18,aligned,https://api.qdrant.tech/v-1-18-x/api-reference
qdrant_008,qdrant_range_search_groups_007,qdrant,1.18.2,vendor-documentation,1.18,aligned,https://api.qdrant.tech/v-1-18-x/api-reference
qdrant_008,qdrant_state_create_collection_001,qdrant,1.18.2,vendor-documentation,1.18,aligned,https://api.qdrant.tech/v-1-18-x/api-reference/collections/create-collection
qdrant_008,qdrant_state_delete_collection_003,qdrant,1.18.2,vendor-documentation,1.18,aligned,https://api.qdrant.tech/v-1-18-x/api-reference
qdrant_008,qdrant_state_delete_points_005,qdrant,1.18.2,vendor-documentation,1.18,aligned,https://api.qdrant.tech/v-1-18-x/api-reference
qdrant_008,qdrant_state_set_payload_006,qdrant,1.18.2,vendor-documentation,1.18,aligned,https://api.qdrant.tech/v-1-18-x/api-reference/points/set-payload
qdrant_008,qdrant_state_update_collection_002,qdrant,1.18.2,vendor-documentation,1.18,aligned,https://api.qdrant.tech/v-1-18-x/api-reference
qdrant_008,qdrant_state_upsert_points_004,qdrant,1.18.2,vendor-documentation,1.18,aligned,https://api.qdrant.tech/v-1-18-x/api-reference/points/upsert-points
qdrant_008,qdrant_type_create_collection_001,qdrant,1.18.2,vendor-documentation,1.18,aligned,https://api.qdrant.tech/v-1-18-x/api-reference/collections/create-collection
qdrant_008,qdrant_type_update_collection_002,qdrant,1.18.2,vendor-documentation,1.18,aligned,https://api.qdrant.tech/v-1-18-x/api-reference
qdrant_008,qdrant_type_upsert_points_003,qdrant,1.18.2,vendor-documentation,1.18,aligned,https://api.qdrant.tech/v-1-18-x/api-reference/points/upsert-points
qdrant_009,qdrant_behavioral_001,qdrant,1.18.2,vendor-documentation,1.18,aligned,https://api.qdrant.tech/v-1-18-x/api-reference/collections/create-collection
qdrant_009,qdrant_behavioral_002,qdrant,1.18.2,vendor-documentation,1.18,aligned,https://api.qdrant.tech/v-1-18-x/api-reference
qdrant_009,qdrant_behavioral_003,qdrant,1.18.2,vendor-documentation,1.18,aligned,https://api.qdrant.tech/v-1-18-x/api-reference/collections/get-collection
qdrant_009,qdrant_behavioral_005,qdrant,1.18.2,vendor-documentation,1.18,aligned,https://api.qdrant.tech/v-1-18-x/api-reference/points/upsert-points
qdrant_009,qdrant_behavioral_006,qdrant,1.18.2,vendor-documentation,1.18,aligned,https://api.qdrant.tech/v-1-18-x/api-reference
qdrant_009,qdrant_behavioral_007,qdrant,1.18.2,vendor-documentation,1.18,aligned,https://api.qdrant.tech/v-1-18-x/api-reference
qdrant_009,qdrant_behavioral_008,qdrant,1.18.2,vendor-documentation,1.18,aligned,https://api.qdrant.tech/v-1-18-x/api-reference/search/points
qdrant_009,qdrant_behavioral_009,qdrant,1.18.2,vendor-documentation,1.18,aligned,https://api.qdrant.tech/v-1-18-x/api-reference
qdrant_009,qdrant_behavioral_010,qdrant,1.18.2,vendor-documentation,1.18,aligned,https://api.qdrant.tech/v-1-18-x/api-reference
qdrant_009,qdrant_behavioral_011,qdrant,1.18.2,vendor-documentation,1.18,aligned,https://api.qdrant.tech/v-1-18-x/api-reference
qdrant_009,qdrant_behavioral_012,qdrant,1.18.2,vendor-documentation,1.18,aligned,https://api.qdrant.tech/v-1-18-x/api-reference
qdrant_009,qdrant_behavioral_016,qdrant,1.18.2,vendor-documentation,1.18,aligned,https://api.qdrant.tech/v-1-18-x/api-reference/points/set-payload
qdrant_009,qdrant_behavioral_017,qdrant,1.18.2,vendor-documentation,1.18,aligned,https://api.qdrant.tech/v-1-18-x/api-reference
qdrant_009,qdrant_range_create_collection_001,qdrant,1.18.2,vendor-documentation,1.18,aligned,https://api.qdrant.tech/v-1-18-x/api-reference/collections/create-collection
qdrant_009,qdrant_range_create_collection_002,qdrant,1.18.2,vendor-documentation,1.18,aligned,https://api.qdrant.tech/v-1-18-x/api-reference/collections/create-collection
qdrant_009,qdrant_range_create_collection_003,qdrant,1.18.2,vendor-documentation,1.18,aligned,https://api.qdrant.tech/v-1-18-x/api-reference/collections/create-collection
qdrant_009,qdrant_range_create_collection_004,qdrant,1.18.2,vendor-documentation,1.18,aligned,https://api.qdrant.tech/v-1-18-x/api-reference/collections/create-collection
qdrant_009,qdrant_range_query_points_008,qdrant,1.18.2,vendor-documentation,1.18,aligned,https://api.qdrant.tech/v-1-18-x/api-reference
qdrant_009,qdrant_range_recommend_009,qdrant,1.18.2,vendor-documentation,1.18,aligned,https://api.qdrant.tech/v-1-18-x/api-reference
qdrant_009,qdrant_range_scroll_points_005,qdrant,1.18.2,vendor-documentation,1.18,aligned,https://api.qdrant.tech/v-1-18-x/api-reference
qdrant_009,qdrant_range_search_groups_007,qdrant,1.18.2,vendor-documentation,1.18,aligned,https://api.qdrant.tech/v-1-18-x/api-reference
qdrant_009,qdrant_range_search_points_006,qdrant,1.18.2,vendor-documentation,1.18,aligned,https://api.qdrant.tech/v-1-18-x/api-reference/search/points
qdrant_009,qdrant_state_batch_update_007,qdrant,1.18.2,vendor-documentation,1.18,aligned,https://api.qdrant.tech/v-1-18-x/api-reference
qdrant_009,qdrant_state_count_points_008,qdrant,1.18.2,vendor-documentation,1.18,aligned,https://api.qdrant.tech/v-1-18-x/api-reference
qdrant_009,qdrant_state_create_collection_001,qdrant,1.18.2,vendor-documentation,1.18,aligned,https://api.qdrant.tech/v-1-18-x/api-reference/collections/create-collection
qdrant_009,qdrant_state_delete_collection_003,qdrant,1.18.2,vendor-documentation,1.18,aligned,https://api.qdrant.tech/v-1-18-x/api-reference
qdrant_009,qdrant_state_delete_points_005,qdrant,1.18.2,vendor-documentation,1.18,aligned,https://api.qdrant.tech/v-1-18-x/api-reference
qdrant_009,qdrant_state_query_points_010,qdrant,1.18.2,vendor-documentation,1.18,aligned,https://api.qdrant.tech/v-1-18-x/api-reference
qdrant_009,qdrant_state_search_points_009,qdrant,1.18.2,vendor-documentation,1.18,aligned,https://api.qdrant.tech/v-1-18-x/api-reference/search/points
qdrant_009,qdrant_state_set_payload_006,qdrant,1.18.2,vendor-documentation,1.18,aligned,https://api.qdrant.tech/v-1-18-x/api-reference/points/set-payload
qdrant_009,qdrant_state_update_collection_002,qdrant,1.18.2,vendor-documentation,1.18,aligned,https://api.qdrant.tech/v-1-18-x/api-reference
qdrant_009,qdrant_state_upsert_points_004,qdrant,1.18.2,vendor-documentation,1.18,aligned,https://api.qdrant.tech/v-1-18-x/api-reference/points/upsert-points
qdrant_009,qdrant_type_create_collection_001,qdrant,1.18.2,vendor-documentation,1.18,aligned,https://api.qdrant.tech/v-1-18-x/api-reference/collections/create-collection
qdrant_009,qdrant_type_overwrite_payload_004,qdrant,1.18.2,vendor-documentation,1.18,aligned,https://api.qdrant.tech/v-1-18-x/api-reference
qdrant_009,qdrant_type_update_collection_002,qdrant,1.18.2,vendor-documentation,1.18,aligned,https://api.qdrant.tech/v-1-18-x/api-reference
qdrant_009,qdrant_type_upsert_points_003,qdrant,1.18.2,vendor-documentation,1.18,aligned,https://api.qdrant.tech/v-1-18-x/api-reference/points/upsert-points
qdrant_010,qdrant_behavioral_001,qdrant,1.18.2,vendor-documentation,1.18,aligned,https://api.qdrant.tech/v-1-18-x/api-reference/collections/create-collection
qdrant_010,qdrant_behavioral_002,qdrant,1.18.2,vendor-documentation,1.18,aligned,https://api.qdrant.tech/v-1-18-x/api-reference
qdrant_010,qdrant_behavioral_003,qdrant,1.18.2,vendor-documentation,1.18,aligned,https://api.qdrant.tech/v-1-18-x/api-reference/collections/get-collection
qdrant_010,qdrant_behavioral_005,qdrant,1.18.2,vendor-documentation,1.18,aligned,https://api.qdrant.tech/v-1-18-x/api-reference/points/upsert-points
qdrant_010,qdrant_behavioral_006,qdrant,1.18.2,vendor-documentation,1.18,aligned,https://api.qdrant.tech/v-1-18-x/api-reference
qdrant_010,qdrant_behavioral_007,qdrant,1.18.2,vendor-documentation,1.18,aligned,https://api.qdrant.tech/v-1-18-x/api-reference
qdrant_010,qdrant_behavioral_008,qdrant,1.18.2,vendor-documentation,1.18,aligned,https://api.qdrant.tech/v-1-18-x/api-reference/search/points
qdrant_010,qdrant_behavioral_009,qdrant,1.18.2,vendor-documentation,1.18,aligned,https://api.qdrant.tech/v-1-18-x/api-reference
qdrant_010,qdrant_behavioral_010,qdrant,1.18.2,vendor-documentation,1.18,aligned,https://api.qdrant.tech/v-1-18-x/api-reference
qdrant_010,qdrant_behavioral_011,qdrant,1.18.2,vendor-documentation,1.18,aligned,https://api.qdrant.tech/v-1-18-x/api-reference
qdrant_010,qdrant_behavioral_012,qdrant,1.18.2,vendor-documentation,1.18,aligned,https://api.qdrant.tech/v-1-18-x/api-reference
qdrant_010,qdrant_behavioral_016,qdrant,1.18.2,vendor-documentation,1.18,aligned,https://api.qdrant.tech/v-1-18-x/api-reference/points/set-payload
qdrant_010,qdrant_behavioral_017,qdrant,1.18.2,vendor-documentation,1.18,aligned,https://api.qdrant.tech/v-1-18-x/api-reference
qdrant_010,qdrant_range_create_collection_001,qdrant,1.18.2,vendor-documentation,1.18,aligned,https://api.qdrant.tech/v-1-18-x/api-reference/collections/create-collection
qdrant_010,qdrant_range_create_collection_002,qdrant,1.18.2,vendor-documentation,1.18,aligned,https://api.qdrant.tech/v-1-18-x/api-reference/collections/create-collection
qdrant_010,qdrant_range_create_collection_003,qdrant,1.18.2,vendor-documentation,1.18,aligned,https://api.qdrant.tech/v-1-18-x/api-reference/collections/create-collection
qdrant_010,qdrant_range_create_collection_004,qdrant,1.18.2,vendor-documentation,1.18,aligned,https://api.qdrant.tech/v-1-18-x/api-reference/collections/create-collection
qdrant_010,qdrant_range_query_points_008,qdrant,1.18.2,vendor-documentation,1.18,aligned,https://api.qdrant.tech/v-1-18-x/api-reference
qdrant_010,qdrant_range_recommend_009,qdrant,1.18.2,vendor-documentation,1.18,aligned,https://api.qdrant.tech/v-1-18-x/api-reference
qdrant_010,qdrant_range_scroll_points_005,qdrant,1.18.2,vendor-documentation,1.18,aligned,https://api.qdrant.tech/v-1-18-x/api-reference
qdrant_010,qdrant_range_search_groups_007,qdrant,1.18.2,vendor-documentation,1.18,aligned,https://api.qdrant.tech/v-1-18-x/api-reference
qdrant_010,qdrant_range_search_points_006,qdrant,1.18.2,vendor-documentation,1.18,aligned,https://api.qdrant.tech/v-1-18-x/api-reference/search/points
qdrant_010,qdrant_state_batch_update_007,qdrant,1.18.2,vendor-documentation,1.18,aligned,https://api.qdrant.tech/v-1-18-x/api-reference
qdrant_010,qdrant_state_count_points_008,qdrant,1.18.2,vendor-documentation,1.18,aligned,https://api.qdrant.tech/v-1-18-x/api-reference
qdrant_010,qdrant_state_create_collection_001,qdrant,1.18.2,vendor-documentation,1.18,aligned,https://api.qdrant.tech/v-1-18-x/api-reference/collections/create-collection
qdrant_010,qdrant_state_delete_collection_003,qdrant,1.18.2,vendor-documentation,1.18,aligned,https://api.qdrant.tech/v-1-18-x/api-reference
qdrant_010,qdrant_state_delete_points_005,qdrant,1.18.2,vendor-documentation,1.18,aligned,https://api.qdrant.tech/v-1-18-x/api-reference
qdrant_010,qdrant_state_query_points_010,qdrant,1.18.2,vendor-documentation,1.18,aligned,https://api.qdrant.tech/v-1-18-x/api-reference
qdrant_010,qdrant_state_search_points_009,qdrant,1.18.2,vendor-documentation,1.18,aligned,https://api.qdrant.tech/v-1-18-x/api-reference/search/points
qdrant_010,qdrant_state_set_payload_006,qdrant,1.18.2,vendor-documentation,1.18,aligned,https://api.qdrant.tech/v-1-18-x/api-reference/points/set-payload
qdrant_010,qdrant_state_update_collection_002,qdrant,1.18.2,vendor-documentation,1.18,aligned,https://api.qdrant.tech/v-1-18-x/api-reference
qdrant_010,qdrant_state_upsert_points_004,qdrant,1.18.2,vendor-documentation,1.18,aligned,https://api.qdrant.tech/v-1-18-x/api-reference/points/upsert-points
qdrant_010,qdrant_type_create_collection_001,qdrant,1.18.2,vendor-documentation,1.18,aligned,https://api.qdrant.tech/v-1-18-x/api-reference/collections/create-collection
qdrant_010,qdrant_type_overwrite_payload_004,qdrant,1.18.2,vendor-documentation,1.18,aligned,https://api.qdrant.tech/v-1-18-x/api-reference
qdrant_010,qdrant_type_update_collection_002,qdrant,1.18.2,vendor-documentation,1.18,aligned,https://api.qdrant.tech/v-1-18-x/api-reference
qdrant_010,qdrant_type_upsert_points_003,qdrant,1.18.2,vendor-documentation,1.18,aligned,https://api.qdrant.tech/v-1-18-x/api-reference/points/upsert-points
qdrant_011,qdrant_behavioral_001,qdrant,1.18.2,vendor-documentation,1.18,aligned,https://api.qdrant.tech/v-1-18-x/api-reference/collections/create-collection
qdrant_011,qdrant_behavioral_002,qdrant,1.18.2,vendor-documentation,1.18,aligned,https://api.qdrant.tech/v-1-18-x/api-reference
qdrant_011,qdrant_behavioral_003,qdrant,1.18.2,vendor-documentation,1.18,aligned,https://api.qdrant.tech/v-1-18-x/api-reference/collections/get-collection
qdrant_011,qdrant_behavioral_005,qdrant,1.18.2,vendor-documentation,1.18,aligned,https://api.qdrant.tech/v-1-18-x/api-reference/points/upsert-points
qdrant_011,qdrant_behavioral_006,qdrant,1.18.2,vendor-documentation,1.18,aligned,https://api.qdrant.tech/v-1-18-x/api-reference
qdrant_011,qdrant_behavioral_007,qdrant,1.18.2,vendor-documentation,1.18,aligned,https://api.qdrant.tech/v-1-18-x/api-reference
qdrant_011,qdrant_behavioral_008,qdrant,1.18.2,vendor-documentation,1.18,aligned,https://api.qdrant.tech/v-1-18-x/api-reference/search/points
qdrant_011,qdrant_behavioral_009,qdrant,1.18.2,vendor-documentation,1.18,aligned,https://api.qdrant.tech/v-1-18-x/api-reference
qdrant_011,qdrant_behavioral_010,qdrant,1.18.2,vendor-documentation,1.18,aligned,https://api.qdrant.tech/v-1-18-x/api-reference
qdrant_011,qdrant_behavioral_011,qdrant,1.18.2,vendor-documentation,1.18,aligned,https://api.qdrant.tech/v-1-18-x/api-reference
qdrant_011,qdrant_behavioral_012,qdrant,1.18.2,vendor-documentation,1.18,aligned,https://api.qdrant.tech/v-1-18-x/api-reference
qdrant_011,qdrant_behavioral_016,qdrant,1.18.2,vendor-documentation,1.18,aligned,https://api.qdrant.tech/v-1-18-x/api-reference/points/set-payload
qdrant_011,qdrant_behavioral_017,qdrant,1.18.2,vendor-documentation,1.18,aligned,https://api.qdrant.tech/v-1-18-x/api-reference
qdrant_011,qdrant_range_create_collection_001,qdrant,1.18.2,vendor-documentation,1.18,aligned,https://api.qdrant.tech/v-1-18-x/api-reference/collections/create-collection
qdrant_011,qdrant_range_create_collection_002,qdrant,1.18.2,vendor-documentation,1.18,aligned,https://api.qdrant.tech/v-1-18-x/api-reference/collections/create-collection
qdrant_011,qdrant_range_create_collection_003,qdrant,1.18.2,vendor-documentation,1.18,aligned,https://api.qdrant.tech/v-1-18-x/api-reference/collections/create-collection
qdrant_011,qdrant_range_create_collection_004,qdrant,1.18.2,vendor-documentation,1.18,aligned,https://api.qdrant.tech/v-1-18-x/api-reference/collections/create-collection
qdrant_011,qdrant_range_query_points_008,qdrant,1.18.2,vendor-documentation,1.18,aligned,https://api.qdrant.tech/v-1-18-x/api-reference
qdrant_011,qdrant_range_recommend_009,qdrant,1.18.2,vendor-documentation,1.18,aligned,https://api.qdrant.tech/v-1-18-x/api-reference
qdrant_011,qdrant_range_scroll_points_005,qdrant,1.18.2,vendor-documentation,1.18,aligned,https://api.qdrant.tech/v-1-18-x/api-reference
qdrant_011,qdrant_range_search_groups_007,qdrant,1.18.2,vendor-documentation,1.18,aligned,https://api.qdrant.tech/v-1-18-x/api-reference
qdrant_011,qdrant_range_search_points_006,qdrant,1.18.2,vendor-documentation,1.18,aligned,https://api.qdrant.tech/v-1-18-x/api-reference/search/points
qdrant_011,qdrant_state_batch_update_007,qdrant,1.18.2,vendor-documentation,1.18,aligned,https://api.qdrant.tech/v-1-18-x/api-reference
qdrant_011,qdrant_state_count_points_008,qdrant,1.18.2,vendor-documentation,1.18,aligned,https://api.qdrant.tech/v-1-18-x/api-reference
qdrant_011,qdrant_state_create_collection_001,qdrant,1.18.2,vendor-documentation,1.18,aligned,https://api.qdrant.tech/v-1-18-x/api-reference/collections/create-collection
qdrant_011,qdrant_state_create_index_011,qdrant,1.18.2,vendor-documentation,1.18,aligned,https://api.qdrant.tech/v-1-18-x/api-reference
qdrant_011,qdrant_state_delete_collection_003,qdrant,1.18.2,vendor-documentation,1.18,aligned,https://api.qdrant.tech/v-1-18-x/api-reference
qdrant_011,qdrant_state_delete_points_005,qdrant,1.18.2,vendor-documentation,1.18,aligned,https://api.qdrant.tech/v-1-18-x/api-reference
qdrant_011,qdrant_state_query_points_010,qdrant,1.18.2,vendor-documentation,1.18,aligned,https://api.qdrant.tech/v-1-18-x/api-reference
qdrant_011,qdrant_state_remove_peer_013,qdrant,1.18.2,vendor-documentation,1.18,aligned,https://api.qdrant.tech/v-1-18-x/api-reference
qdrant_011,qdrant_state_search_points_009,qdrant,1.18.2,vendor-documentation,1.18,aligned,https://api.qdrant.tech/v-1-18-x/api-reference/search/points
qdrant_011,qdrant_state_set_payload_006,qdrant,1.18.2,vendor-documentation,1.18,aligned,https://api.qdrant.tech/v-1-18-x/api-reference/points/set-payload
qdrant_011,qdrant_state_update_collection_002,qdrant,1.18.2,vendor-documentation,1.18,aligned,https://api.qdrant.tech/v-1-18-x/api-reference
qdrant_011,qdrant_state_upsert_points_004,qdrant,1.18.2,vendor-documentation,1.18,aligned,https://api.qdrant.tech/v-1-18-x/api-reference/points/upsert-points
qdrant_011,qdrant_type_create_collection_001,qdrant,1.18.2,vendor-documentation,1.18,aligned,https://api.qdrant.tech/v-1-18-x/api-reference/collections/create-collection
qdrant_011,qdrant_type_overwrite_payload_004,qdrant,1.18.2,vendor-documentation,1.18,aligned,https://api.qdrant.tech/v-1-18-x/api-reference
qdrant_011,qdrant_type_update_collection_002,qdrant,1.18.2,vendor-documentation,1.18,aligned,https://api.qdrant.tech/v-1-18-x/api-reference
qdrant_011,qdrant_type_upsert_points_003,qdrant,1.18.2,vendor-documentation,1.18,aligned,https://api.qdrant.tech/v-1-18-x/api-reference/points/upsert-points
qdrant_012,qdrant_behavioral_005,qdrant,1.18.2,vendor-documentation,1.18,aligned,https://api.qdrant.tech/v-1-18-x/api-reference/points/upsert-points
qdrant_012,qdrant_behavioral_006,qdrant,1.18.2,vendor-documentation,1.18,aligned,https://api.qdrant.tech/v-1-18-x/api-reference
qdrant_012,qdrant_behavioral_007,qdrant,1.18.2,vendor-documentation,1.18,aligned,https://api.qdrant.tech/v-1-18-x/api-reference
qdrant_012,qdrant_behavioral_008,qdrant,1.18.2,vendor-documentation,1.18,aligned,https://api.qdrant.tech/v-1-18-x/api-reference/search/points
qdrant_012,qdrant_behavioral_009,qdrant,1.18.2,vendor-documentation,1.18,aligned,https://api.qdrant.tech/v-1-18-x/api-reference
qdrant_012,qdrant_behavioral_010,qdrant,1.18.2,vendor-documentation,1.18,aligned,https://api.qdrant.tech/v-1-18-x/api-reference
qdrant_012,qdrant_behavioral_011,qdrant,1.18.2,vendor-documentation,1.18,aligned,https://api.qdrant.tech/v-1-18-x/api-reference
qdrant_012,qdrant_behavioral_012,qdrant,1.18.2,vendor-documentation,1.18,aligned,https://api.qdrant.tech/v-1-18-x/api-reference
qdrant_012,qdrant_behavioral_016,qdrant,1.18.2,vendor-documentation,1.18,aligned,https://api.qdrant.tech/v-1-18-x/api-reference/points/set-payload
qdrant_012,qdrant_range_query_points_008,qdrant,1.18.2,vendor-documentation,1.18,aligned,https://api.qdrant.tech/v-1-18-x/api-reference
qdrant_012,qdrant_range_recommend_009,qdrant,1.18.2,vendor-documentation,1.18,aligned,https://api.qdrant.tech/v-1-18-x/api-reference
qdrant_012,qdrant_range_scroll_points_005,qdrant,1.18.2,vendor-documentation,1.18,aligned,https://api.qdrant.tech/v-1-18-x/api-reference
qdrant_012,qdrant_range_search_groups_007,qdrant,1.18.2,vendor-documentation,1.18,aligned,https://api.qdrant.tech/v-1-18-x/api-reference
qdrant_012,qdrant_range_search_points_006,qdrant,1.18.2,vendor-documentation,1.18,aligned,https://api.qdrant.tech/v-1-18-x/api-reference/search/points
qdrant_012,qdrant_state_batch_update_007,qdrant,1.18.2,vendor-documentation,1.18,aligned,https://api.qdrant.tech/v-1-18-x/api-reference
qdrant_012,qdrant_state_count_points_008,qdrant,1.18.2,vendor-documentation,1.18,aligned,https://api.qdrant.tech/v-1-18-x/api-reference
qdrant_012,qdrant_state_create_index_011,qdrant,1.18.2,vendor-documentation,1.18,aligned,https://api.qdrant.tech/v-1-18-x/api-reference
qdrant_012,qdrant_state_delete_points_005,qdrant,1.18.2,vendor-documentation,1.18,aligned,https://api.qdrant.tech/v-1-18-x/api-reference
qdrant_012,qdrant_state_query_points_010,qdrant,1.18.2,vendor-documentation,1.18,aligned,https://api.qdrant.tech/v-1-18-x/api-reference
qdrant_012,qdrant_state_search_points_009,qdrant,1.18.2,vendor-documentation,1.18,aligned,https://api.qdrant.tech/v-1-18-x/api-reference/search/points
qdrant_012,qdrant_state_set_payload_006,qdrant,1.18.2,vendor-documentation,1.18,aligned,https://api.qdrant.tech/v-1-18-x/api-reference/points/set-payload
qdrant_012,qdrant_state_upsert_points_004,qdrant,1.18.2,vendor-documentation,1.18,aligned,https://api.qdrant.tech/v-1-18-x/api-reference/points/upsert-points
qdrant_012,qdrant_type_overwrite_payload_004,qdrant,1.18.2,vendor-documentation,1.18,aligned,https://api.qdrant.tech/v-1-18-x/api-reference
qdrant_012,qdrant_type_upsert_points_003,qdrant,1.18.2,vendor-documentation,1.18,aligned,https://api.qdrant.tech/v-1-18-x/api-reference/points/upsert-points
qdrant_013,qdrant_behavioral_001,qdrant,1.18.2,vendor-documentation,1.18,aligned,https://api.qdrant.tech/v-1-18-x/api-reference/collections/create-collection
qdrant_013,qdrant_behavioral_002,qdrant,1.18.2,vendor-documentation,1.18,aligned,https://api.qdrant.tech/v-1-18-x/api-reference
qdrant_013,qdrant_behavioral_003,qdrant,1.18.2,vendor-documentation,1.18,aligned,https://api.qdrant.tech/v-1-18-x/api-reference/collections/get-collection
qdrant_013,qdrant_behavioral_005,qdrant,1.18.2,vendor-documentation,1.18,aligned,https://api.qdrant.tech/v-1-18-x/api-reference/points/upsert-points
qdrant_013,qdrant_behavioral_006,qdrant,1.18.2,vendor-documentation,1.18,aligned,https://api.qdrant.tech/v-1-18-x/api-reference
qdrant_013,qdrant_behavioral_007,qdrant,1.18.2,vendor-documentation,1.18,aligned,https://api.qdrant.tech/v-1-18-x/api-reference
qdrant_013,qdrant_behavioral_008,qdrant,1.18.2,vendor-documentation,1.18,aligned,https://api.qdrant.tech/v-1-18-x/api-reference/search/points
qdrant_013,qdrant_behavioral_009,qdrant,1.18.2,vendor-documentation,1.18,aligned,https://api.qdrant.tech/v-1-18-x/api-reference
qdrant_013,qdrant_behavioral_010,qdrant,1.18.2,vendor-documentation,1.18,aligned,https://api.qdrant.tech/v-1-18-x/api-reference
qdrant_013,qdrant_behavioral_011,qdrant,1.18.2,vendor-documentation,1.18,aligned,https://api.qdrant.tech/v-1-18-x/api-reference
qdrant_013,qdrant_behavioral_012,qdrant,1.18.2,vendor-documentation,1.18,aligned,https://api.qdrant.tech/v-1-18-x/api-reference
qdrant_013,qdrant_behavioral_016,qdrant,1.18.2,vendor-documentation,1.18,aligned,https://api.qdrant.tech/v-1-18-x/api-reference/points/set-payload
qdrant_013,qdrant_behavioral_017,qdrant,1.18.2,vendor-documentation,1.18,aligned,https://api.qdrant.tech/v-1-18-x/api-reference
qdrant_013,qdrant_range_create_collection_001,qdrant,1.18.2,vendor-documentation,1.18,aligned,https://api.qdrant.tech/v-1-18-x/api-reference/collections/create-collection
qdrant_013,qdrant_range_create_collection_002,qdrant,1.18.2,vendor-documentation,1.18,aligned,https://api.qdrant.tech/v-1-18-x/api-reference/collections/create-collection
qdrant_013,qdrant_range_create_collection_003,qdrant,1.18.2,vendor-documentation,1.18,aligned,https://api.qdrant.tech/v-1-18-x/api-reference/collections/create-collection
qdrant_013,qdrant_range_create_collection_004,qdrant,1.18.2,vendor-documentation,1.18,aligned,https://api.qdrant.tech/v-1-18-x/api-reference/collections/create-collection
qdrant_013,qdrant_range_query_points_008,qdrant,1.18.2,vendor-documentation,1.18,aligned,https://api.qdrant.tech/v-1-18-x/api-reference
qdrant_013,qdrant_range_recommend_009,qdrant,1.18.2,vendor-documentation,1.18,aligned,https://api.qdrant.tech/v-1-18-x/api-reference
qdrant_013,qdrant_range_scroll_points_005,qdrant,1.18.2,vendor-documentation,1.18,aligned,https://api.qdrant.tech/v-1-18-x/api-reference
qdrant_013,qdrant_range_search_groups_007,qdrant,1.18.2,vendor-documentation,1.18,aligned,https://api.qdrant.tech/v-1-18-x/api-reference
qdrant_013,qdrant_range_search_points_006,qdrant,1.18.2,vendor-documentation,1.18,aligned,https://api.qdrant.tech/v-1-18-x/api-reference/search/points
qdrant_013,qdrant_state_batch_update_007,qdrant,1.18.2,vendor-documentation,1.18,aligned,https://api.qdrant.tech/v-1-18-x/api-reference
qdrant_013,qdrant_state_count_points_008,qdrant,1.18.2,vendor-documentation,1.18,aligned,https://api.qdrant.tech/v-1-18-x/api-reference
qdrant_013,qdrant_state_create_collection_001,qdrant,1.18.2,vendor-documentation,1.18,aligned,https://api.qdrant.tech/v-1-18-x/api-reference/collections/create-collection
qdrant_013,qdrant_state_create_index_011,qdrant,1.18.2,vendor-documentation,1.18,aligned,https://api.qdrant.tech/v-1-18-x/api-reference
qdrant_013,qdrant_state_delete_collection_003,qdrant,1.18.2,vendor-documentation,1.18,aligned,https://api.qdrant.tech/v-1-18-x/api-reference
qdrant_013,qdrant_state_delete_points_005,qdrant,1.18.2,vendor-documentation,1.18,aligned,https://api.qdrant.tech/v-1-18-x/api-reference
qdrant_013,qdrant_state_query_points_010,qdrant,1.18.2,vendor-documentation,1.18,aligned,https://api.qdrant.tech/v-1-18-x/api-reference
qdrant_013,qdrant_state_search_points_009,qdrant,1.18.2,vendor-documentation,1.18,aligned,https://api.qdrant.tech/v-1-18-x/api-reference/search/points
qdrant_013,qdrant_state_set_payload_006,qdrant,1.18.2,vendor-documentation,1.18,aligned,https://api.qdrant.tech/v-1-18-x/api-reference/points/set-payload
qdrant_013,qdrant_state_update_collection_002,qdrant,1.18.2,vendor-documentation,1.18,aligned,https://api.qdrant.tech/v-1-18-x/api-reference
qdrant_013,qdrant_state_upsert_points_004,qdrant,1.18.2,vendor-documentation,1.18,aligned,https://api.qdrant.tech/v-1-18-x/api-reference/points/upsert-points
qdrant_013,qdrant_type_create_collection_001,qdrant,1.18.2,vendor-documentation,1.18,aligned,https://api.qdrant.tech/v-1-18-x/api-reference/collections/create-collection
qdrant_013,qdrant_type_overwrite_payload_004,qdrant,1.18.2,vendor-documentation,1.18,aligned,https://api.qdrant.tech/v-1-18-x/api-reference
qdrant_013,qdrant_type_update_collection_002,qdrant,1.18.2,vendor-documentation,1.18,aligned,https://api.qdrant.tech/v-1-18-x/api-reference
qdrant_013,qdrant_type_upsert_points_003,qdrant,1.18.2,vendor-documentation,1.18,aligned,https://api.qdrant.tech/v-1-18-x/api-reference/points/upsert-points
qdrant_015,qdrant_behavioral_001,qdrant,1.18.2,vendor-documentation,1.18,aligned,https://api.qdrant.tech/v-1-18-x/api-reference/collections/create-collection
qdrant_015,qdrant_behavioral_002,qdrant,1.18.2,vendor-documentation,1.18,aligned,https://api.qdrant.tech/v-1-18-x/api-reference
qdrant_015,qdrant_behavioral_003,qdrant,1.18.2,vendor-documentation,1.18,aligned,https://api.qdrant.tech/v-1-18-x/api-reference/collections/get-collection
qdrant_015,qdrant_behavioral_004,qdrant,1.18.2,vendor-documentation,1.18,aligned,https://api.qdrant.tech/v-1-18-x/api-reference
qdrant_015,qdrant_behavioral_005,qdrant,1.18.2,vendor-documentation,1.18,aligned,https://api.qdrant.tech/v-1-18-x/api-reference/points/upsert-points
qdrant_015,qdrant_behavioral_006,qdrant,1.18.2,vendor-documentation,1.18,aligned,https://api.qdrant.tech/v-1-18-x/api-reference
qdrant_015,qdrant_behavioral_007,qdrant,1.18.2,vendor-documentation,1.18,aligned,https://api.qdrant.tech/v-1-18-x/api-reference
qdrant_015,qdrant_behavioral_008,qdrant,1.18.2,vendor-documentation,1.18,aligned,https://api.qdrant.tech/v-1-18-x/api-reference/search/points
qdrant_015,qdrant_behavioral_009,qdrant,1.18.2,vendor-documentation,1.18,aligned,https://api.qdrant.tech/v-1-18-x/api-reference
qdrant_015,qdrant_behavioral_010,qdrant,1.18.2,vendor-documentation,1.18,aligned,https://api.qdrant.tech/v-1-18-x/api-reference
qdrant_015,qdrant_behavioral_011,qdrant,1.18.2,vendor-documentation,1.18,aligned,https://api.qdrant.tech/v-1-18-x/api-reference
qdrant_015,qdrant_behavioral_012,qdrant,1.18.2,vendor-documentation,1.18,aligned,https://api.qdrant.tech/v-1-18-x/api-reference
qdrant_015,qdrant_behavioral_013,qdrant,1.18.2,vendor-documentation,1.18,aligned,https://api.qdrant.tech/v-1-18-x/api-reference
qdrant_015,qdrant_behavioral_014,qdrant,1.18.2,vendor-documentation,1.18,aligned,https://api.qdrant.tech/v-1-18-x/api-reference
qdrant_015,qdrant_behavioral_015,qdrant,1.18.2,vendor-documentation,1.18,aligned,https://api.qdrant.tech/v-1-18-x/api-reference
qdrant_015,qdrant_behavioral_016,qdrant,1.18.2,vendor-documentation,1.18,aligned,https://api.qdrant.tech/v-1-18-x/api-reference/points/set-payload
qdrant_015,qdrant_behavioral_017,qdrant,1.18.2,vendor-documentation,1.18,aligned,https://api.qdrant.tech/v-1-18-x/api-reference
qdrant_015,qdrant_range_create_collection_001,qdrant,1.18.2,vendor-documentation,1.18,aligned,https://api.qdrant.tech/v-1-18-x/api-reference/collections/create-collection
qdrant_015,qdrant_range_create_collection_002,qdrant,1.18.2,vendor-documentation,1.18,aligned,https://api.qdrant.tech/v-1-18-x/api-reference/collections/create-collection
qdrant_015,qdrant_range_create_collection_003,qdrant,1.18.2,vendor-documentation,1.18,aligned,https://api.qdrant.tech/v-1-18-x/api-reference/collections/create-collection
qdrant_015,qdrant_range_create_collection_004,qdrant,1.18.2,vendor-documentation,1.18,aligned,https://api.qdrant.tech/v-1-18-x/api-reference/collections/create-collection
qdrant_015,qdrant_range_query_points_008,qdrant,1.18.2,vendor-documentation,1.18,aligned,https://api.qdrant.tech/v-1-18-x/api-reference
qdrant_015,qdrant_range_recommend_009,qdrant,1.18.2,vendor-documentation,1.18,aligned,https://api.qdrant.tech/v-1-18-x/api-reference
qdrant_015,qdrant_range_scroll_points_005,qdrant,1.18.2,vendor-documentation,1.18,aligned,https://api.qdrant.tech/v-1-18-x/api-reference
qdrant_015,qdrant_range_search_groups_007,qdrant,1.18.2,vendor-documentation,1.18,aligned,https://api.qdrant.tech/v-1-18-x/api-reference
qdrant_015,qdrant_range_search_points_006,qdrant,1.18.2,vendor-documentation,1.18,aligned,https://api.qdrant.tech/v-1-18-x/api-reference/search/points
qdrant_015,qdrant_state_batch_update_007,qdrant,1.18.2,vendor-documentation,1.18,aligned,https://api.qdrant.tech/v-1-18-x/api-reference
qdrant_015,qdrant_state_count_points_008,qdrant,1.18.2,vendor-documentation,1.18,aligned,https://api.qdrant.tech/v-1-18-x/api-reference
qdrant_015,qdrant_state_create_collection_001,qdrant,1.18.2,vendor-documentation,1.18,aligned,https://api.qdrant.tech/v-1-18-x/api-reference/collections/create-collection
qdrant_015,qdrant_state_create_index_011,qdrant,1.18.2,vendor-documentation,1.18,aligned,https://api.qdrant.tech/v-1-18-x/api-reference
qdrant_015,qdrant_state_delete_collection_003,qdrant,1.18.2,vendor-documentation,1.18,aligned,https://api.qdrant.tech/v-1-18-x/api-reference
qdrant_015,qdrant_state_delete_points_005,qdrant,1.18.2,vendor-documentation,1.18,aligned,https://api.qdrant.tech/v-1-18-x/api-reference
qdrant_015,qdrant_state_query_points_010,qdrant,1.18.2,vendor-documentation,1.18,aligned,https://api.qdrant.tech/v-1-18-x/api-reference
qdrant_015,qdrant_state_search_points_009,qdrant,1.18.2,vendor-documentation,1.18,aligned,https://api.qdrant.tech/v-1-18-x/api-reference/search/points
qdrant_015,qdrant_state_set_payload_006,qdrant,1.18.2,vendor-documentation,1.18,aligned,https://api.qdrant.tech/v-1-18-x/api-reference/points/set-payload
qdrant_015,qdrant_state_update_aliases_012,qdrant,1.18.2,vendor-documentation,1.18,aligned,https://api.qdrant.tech/v-1-18-x/api-reference
qdrant_015,qdrant_state_update_collection_002,qdrant,1.18.2,vendor-documentation,1.18,aligned,https://api.qdrant.tech/v-1-18-x/api-reference
qdrant_015,qdrant_state_upsert_points_004,qdrant,1.18.2,vendor-documentation,1.18,aligned,https://api.qdrant.tech/v-1-18-x/api-reference/points/upsert-points
qdrant_015,qdrant_type_create_collection_001,qdrant,1.18.2,vendor-documentation,1.18,aligned,https://api.qdrant.tech/v-1-18-x/api-reference/collections/create-collection
qdrant_015,qdrant_type_overwrite_payload_004,qdrant,1.18.2,vendor-documentation,1.18,aligned,https://api.qdrant.tech/v-1-18-x/api-reference
qdrant_015,qdrant_type_update_collection_002,qdrant,1.18.2,vendor-documentation,1.18,aligned,https://api.qdrant.tech/v-1-18-x/api-reference
qdrant_015,qdrant_type_upsert_points_003,qdrant,1.18.2,vendor-documentation,1.18,aligned,https://api.qdrant.tech/v-1-18-x/api-reference/points/upsert-points
qdrant_016,qdrant_behavioral_001,qdrant,1.18.2,vendor-documentation,1.18,aligned,https://api.qdrant.tech/v-1-18-x/api-reference/collections/create-collection
qdrant_016,qdrant_behavioral_002,qdrant,1.18.2,vendor-documentation,1.18,aligned,https://api.qdrant.tech/v-1-18-x/api-reference
qdrant_016,qdrant_behavioral_003,qdrant,1.18.2,vendor-documentation,1.18,aligned,https://api.qdrant.tech/v-1-18-x/api-reference/collections/get-collection
qdrant_016,qdrant_behavioral_005,qdrant,1.18.2,vendor-documentation,1.18,aligned,https://api.qdrant.tech/v-1-18-x/api-reference/points/upsert-points
qdrant_016,qdrant_behavioral_006,qdrant,1.18.2,vendor-documentation,1.18,aligned,https://api.qdrant.tech/v-1-18-x/api-reference
qdrant_016,qdrant_behavioral_007,qdrant,1.18.2,vendor-documentation,1.18,aligned,https://api.qdrant.tech/v-1-18-x/api-reference
qdrant_016,qdrant_behavioral_011,qdrant,1.18.2,vendor-documentation,1.18,aligned,https://api.qdrant.tech/v-1-18-x/api-reference
qdrant_016,qdrant_behavioral_017,qdrant,1.18.2,vendor-documentation,1.18,aligned,https://api.qdrant.tech/v-1-18-x/api-reference
qdrant_016,qdrant_range_create_collection_001,qdrant,1.18.2,vendor-documentation,1.18,aligned,https://api.qdrant.tech/v-1-18-x/api-reference/collections/create-collection
qdrant_016,qdrant_range_create_collection_002,qdrant,1.18.2,vendor-documentation,1.18,aligned,https://api.qdrant.tech/v-1-18-x/api-reference/collections/create-collection
qdrant_016,qdrant_range_create_collection_003,qdrant,1.18.2,vendor-documentation,1.18,aligned,https://api.qdrant.tech/v-1-18-x/api-reference/collections/create-collection
qdrant_016,qdrant_range_create_collection_004,qdrant,1.18.2,vendor-documentation,1.18,aligned,https://api.qdrant.tech/v-1-18-x/api-reference/collections/create-collection
qdrant_016,qdrant_range_query_points_008,qdrant,1.18.2,vendor-documentation,1.18,aligned,https://api.qdrant.tech/v-1-18-x/api-reference
qdrant_016,qdrant_range_recommend_009,qdrant,1.18.2,vendor-documentation,1.18,aligned,https://api.qdrant.tech/v-1-18-x/api-reference
qdrant_016,qdrant_range_scroll_points_005,qdrant,1.18.2,vendor-documentation,1.18,aligned,https://api.qdrant.tech/v-1-18-x/api-reference
qdrant_016,qdrant_range_search_groups_007,qdrant,1.18.2,vendor-documentation,1.18,aligned,https://api.qdrant.tech/v-1-18-x/api-reference
qdrant_016,qdrant_range_search_points_006,qdrant,1.18.2,vendor-documentation,1.18,aligned,https://api.qdrant.tech/v-1-18-x/api-reference/search/points
qdrant_016,qdrant_state_create_collection_001,qdrant,1.18.2,vendor-documentation,1.18,aligned,https://api.qdrant.tech/v-1-18-x/api-reference/collections/create-collection
qdrant_016,qdrant_state_delete_collection_003,qdrant,1.18.2,vendor-documentation,1.18,aligned,https://api.qdrant.tech/v-1-18-x/api-reference
qdrant_016,qdrant_state_delete_points_005,qdrant,1.18.2,vendor-documentation,1.18,aligned,https://api.qdrant.tech/v-1-18-x/api-reference
qdrant_016,qdrant_state_query_points_010,qdrant,1.18.2,vendor-documentation,1.18,aligned,https://api.qdrant.tech/v-1-18-x/api-reference
qdrant_016,qdrant_state_update_collection_002,qdrant,1.18.2,vendor-documentation,1.18,aligned,https://api.qdrant.tech/v-1-18-x/api-reference
qdrant_016,qdrant_state_upsert_points_004,qdrant,1.18.2,vendor-documentation,1.18,aligned,https://api.qdrant.tech/v-1-18-x/api-reference/points/upsert-points
qdrant_016,qdrant_type_create_collection_001,qdrant,1.18.2,vendor-documentation,1.18,aligned,https://api.qdrant.tech/v-1-18-x/api-reference/collections/create-collection
qdrant_016,qdrant_type_lookup_from_001,qdrant,1.18.2,structured-spec,1.18.2,aligned,https://github.com/qdrant/qdrant/blob/v1.18.2/docs/redoc/master/openapi.json
qdrant_016,qdrant_type_overwrite_payload_004,qdrant,1.18.2,vendor-documentation,1.18,aligned,https://api.qdrant.tech/v-1-18-x/api-reference
qdrant_016,qdrant_type_update_collection_002,qdrant,1.18.2,vendor-documentation,1.18,aligned,https://api.qdrant.tech/v-1-18-x/api-reference
qdrant_016,qdrant_type_upsert_points_003,qdrant,1.18.2,vendor-documentation,1.18,aligned,https://api.qdrant.tech/v-1-18-x/api-reference/points/upsert-points
qdrant_017,qdrant_behavioral_001,qdrant,1.18.2,vendor-documentation,1.18,aligned,https://api.qdrant.tech/v-1-18-x/api-reference/collections/create-collection
qdrant_017,qdrant_behavioral_002,qdrant,1.18.2,vendor-documentation,1.18,aligned,https://api.qdrant.tech/v-1-18-x/api-reference
qdrant_017,qdrant_behavioral_003,qdrant,1.18.2,vendor-documentation,1.18,aligned,https://api.qdrant.tech/v-1-18-x/api-reference/collections/get-collection
qdrant_017,qdrant_behavioral_005,qdrant,1.18.2,vendor-documentation,1.18,aligned,https://api.qdrant.tech/v-1-18-x/api-reference/points/upsert-points
qdrant_017,qdrant_behavioral_006,qdrant,1.18.2,vendor-documentation,1.18,aligned,https://api.qdrant.tech/v-1-18-x/api-reference
qdrant_017,qdrant_behavioral_007,qdrant,1.18.2,vendor-documentation,1.18,aligned,https://api.qdrant.tech/v-1-18-x/api-reference
qdrant_017,qdrant_behavioral_008,qdrant,1.18.2,vendor-documentation,1.18,aligned,https://api.qdrant.tech/v-1-18-x/api-reference/search/points
qdrant_017,qdrant_behavioral_009,qdrant,1.18.2,vendor-documentation,1.18,aligned,https://api.qdrant.tech/v-1-18-x/api-reference
qdrant_017,qdrant_behavioral_010,qdrant,1.18.2,vendor-documentation,1.18,aligned,https://api.qdrant.tech/v-1-18-x/api-reference
qdrant_017,qdrant_behavioral_011,qdrant,1.18.2,vendor-documentation,1.18,aligned,https://api.qdrant.tech/v-1-18-x/api-reference
qdrant_017,qdrant_behavioral_012,qdrant,1.18.2,vendor-documentation,1.18,aligned,https://api.qdrant.tech/v-1-18-x/api-reference
qdrant_017,qdrant_behavioral_016,qdrant,1.18.2,vendor-documentation,1.18,aligned,https://api.qdrant.tech/v-1-18-x/api-reference/points/set-payload
qdrant_017,qdrant_behavioral_017,qdrant,1.18.2,vendor-documentation,1.18,aligned,https://api.qdrant.tech/v-1-18-x/api-reference
qdrant_017,qdrant_range_create_collection_001,qdrant,1.18.2,vendor-documentation,1.18,aligned,https://api.qdrant.tech/v-1-18-x/api-reference/collections/create-collection
qdrant_017,qdrant_range_create_collection_002,qdrant,1.18.2,vendor-documentation,1.18,aligned,https://api.qdrant.tech/v-1-18-x/api-reference/collections/create-collection
qdrant_017,qdrant_range_create_collection_003,qdrant,1.18.2,vendor-documentation,1.18,aligned,https://api.qdrant.tech/v-1-18-x/api-reference/collections/create-collection
qdrant_017,qdrant_range_create_collection_004,qdrant,1.18.2,vendor-documentation,1.18,aligned,https://api.qdrant.tech/v-1-18-x/api-reference/collections/create-collection
qdrant_017,qdrant_range_query_points_008,qdrant,1.18.2,vendor-documentation,1.18,aligned,https://api.qdrant.tech/v-1-18-x/api-reference
qdrant_017,qdrant_range_recommend_009,qdrant,1.18.2,vendor-documentation,1.18,aligned,https://api.qdrant.tech/v-1-18-x/api-reference
qdrant_017,qdrant_range_scroll_points_005,qdrant,1.18.2,vendor-documentation,1.18,aligned,https://api.qdrant.tech/v-1-18-x/api-reference
qdrant_017,qdrant_range_search_groups_007,qdrant,1.18.2,vendor-documentation,1.18,aligned,https://api.qdrant.tech/v-1-18-x/api-reference
qdrant_017,qdrant_range_search_points_006,qdrant,1.18.2,vendor-documentation,1.18,aligned,https://api.qdrant.tech/v-1-18-x/api-reference/search/points
qdrant_017,qdrant_state_batch_update_007,qdrant,1.18.2,vendor-documentation,1.18,aligned,https://api.qdrant.tech/v-1-18-x/api-reference
qdrant_017,qdrant_state_count_points_008,qdrant,1.18.2,vendor-documentation,1.18,aligned,https://api.qdrant.tech/v-1-18-x/api-reference
qdrant_017,qdrant_state_create_collection_001,qdrant,1.18.2,vendor-documentation,1.18,aligned,https://api.qdrant.tech/v-1-18-x/api-reference/collections/create-collection
qdrant_017,qdrant_state_delete_collection_003,qdrant,1.18.2,vendor-documentation,1.18,aligned,https://api.qdrant.tech/v-1-18-x/api-reference
qdrant_017,qdrant_state_delete_points_005,qdrant,1.18.2,vendor-documentation,1.18,aligned,https://api.qdrant.tech/v-1-18-x/api-reference
qdrant_017,qdrant_state_query_points_010,qdrant,1.18.2,vendor-documentation,1.18,aligned,https://api.qdrant.tech/v-1-18-x/api-reference
qdrant_017,qdrant_state_search_points_009,qdrant,1.18.2,vendor-documentation,1.18,aligned,https://api.qdrant.tech/v-1-18-x/api-reference/search/points
qdrant_017,qdrant_state_set_payload_006,qdrant,1.18.2,vendor-documentation,1.18,aligned,https://api.qdrant.tech/v-1-18-x/api-reference/points/set-payload
qdrant_017,qdrant_state_update_collection_002,qdrant,1.18.2,vendor-documentation,1.18,aligned,https://api.qdrant.tech/v-1-18-x/api-reference
qdrant_017,qdrant_state_upsert_points_004,qdrant,1.18.2,vendor-documentation,1.18,aligned,https://api.qdrant.tech/v-1-18-x/api-reference/points/upsert-points
qdrant_017,qdrant_type_create_collection_001,qdrant,1.18.2,vendor-documentation,1.18,aligned,https://api.qdrant.tech/v-1-18-x/api-reference/collections/create-collection
qdrant_017,qdrant_type_overwrite_payload_004,qdrant,1.18.2,vendor-documentation,1.18,aligned,https://api.qdrant.tech/v-1-18-x/api-reference
qdrant_017,qdrant_type_update_collection_002,qdrant,1.18.2,vendor-documentation,1.18,aligned,https://api.qdrant.tech/v-1-18-x/api-reference
qdrant_017,qdrant_type_upsert_points_003,qdrant,1.18.2,vendor-documentation,1.18,aligned,https://api.qdrant.tech/v-1-18-x/api-reference/points/upsert-points
qdrant_018,qdrant_behavioral_007,qdrant,1.18.3,vendor-documentation,1.18,aligned,https://api.qdrant.tech/v-1-18-x/api-reference
qdrant_018,qdrant_behavioral_010,qdrant,1.18.3,vendor-documentation,1.18,aligned,https://api.qdrant.tech/v-1-18-x/api-reference
qdrant_018,qdrant_behavioral_014,qdrant,1.18.3,vendor-documentation,1.18,aligned,https://api.qdrant.tech/v-1-18-x/api-reference
qdrant_018,qdrant_behavioral_016,qdrant,1.18.3,vendor-documentation,1.18,aligned,https://api.qdrant.tech/v-1-18-x/api-reference/points/set-payload
qdrant_018,qdrant_range_recommend_009,qdrant,1.18.3,vendor-documentation,1.18,aligned,https://api.qdrant.tech/v-1-18-x/api-reference
qdrant_018,qdrant_range_search_groups_007,qdrant,1.18.3,vendor-documentation,1.18,aligned,https://api.qdrant.tech/v-1-18-x/api-reference
qdrant_018,qdrant_range_search_points_006,qdrant,1.18.3,vendor-documentation,1.18,aligned,https://api.qdrant.tech/v-1-18-x/api-reference/search/points
qdrant_018,qdrant_state_count_points_008,qdrant,1.18.3,vendor-documentation,1.18,aligned,https://api.qdrant.tech/v-1-18-x/api-reference
qdrant_018,qdrant_state_search_points_009,qdrant,1.18.3,vendor-documentation,1.18,aligned,https://api.qdrant.tech/v-1-18-x/api-reference/search/points
qdrant_018,qdrant_type_update_collection_002,qdrant,1.18.3,vendor-documentation,1.18,aligned,https://api.qdrant.tech/v-1-18-x/api-reference
qdrant_018,qdrant_type_upsert_points_003,qdrant,1.18.3,vendor-documentation,1.18,aligned,https://api.qdrant.tech/v-1-18-x/api-reference/points/upsert-points
qdrant_019,qdrant_behavioral_007,qdrant,1.18.3,vendor-documentation,1.18,aligned,https://api.qdrant.tech/v-1-18-x/api-reference
qdrant_019,qdrant_behavioral_010,qdrant,1.18.3,vendor-documentation,1.18,aligned,https://api.qdrant.tech/v-1-18-x/api-reference
qdrant_019,qdrant_behavioral_014,qdrant,1.18.3,vendor-documentation,1.18,aligned,https://api.qdrant.tech/v-1-18-x/api-reference
qdrant_019,qdrant_behavioral_016,qdrant,1.18.3,vendor-documentation,1.18,aligned,https://api.qdrant.tech/v-1-18-x/api-reference/points/set-payload
qdrant_019,qdrant_range_recommend_009,qdrant,1.18.3,vendor-documentation,1.18,aligned,https://api.qdrant.tech/v-1-18-x/api-reference
qdrant_019,qdrant_range_search_groups_007,qdrant,1.18.3,vendor-documentation,1.18,aligned,https://api.qdrant.tech/v-1-18-x/api-reference
qdrant_019,qdrant_range_search_points_006,qdrant,1.18.3,vendor-documentation,1.18,aligned,https://api.qdrant.tech/v-1-18-x/api-reference/search/points
qdrant_019,qdrant_state_count_points_008,qdrant,1.18.3,vendor-documentation,1.18,aligned,https://api.qdrant.tech/v-1-18-x/api-reference
qdrant_019,qdrant_state_search_points_009,qdrant,1.18.3,vendor-documentation,1.18,aligned,https://api.qdrant.tech/v-1-18-x/api-reference/search/points
qdrant_019,qdrant_type_update_collection_002,qdrant,1.18.3,vendor-documentation,1.18,aligned,https://api.qdrant.tech/v-1-18-x/api-reference
qdrant_019,qdrant_type_upsert_points_003,qdrant,1.18.3,vendor-documentation,1.18,aligned,https://api.qdrant.tech/v-1-18-x/api-reference/points/upsert-points
qdrant_020,qdrant_behavioral_001,qdrant,1.18.3,vendor-documentation,1.18,aligned,https://api.qdrant.tech/v-1-18-x/api-reference/collections/create-collection
qdrant_020,qdrant_behavioral_002,qdrant,1.18.3,vendor-documentation,1.18,aligned,https://api.qdrant.tech/v-1-18-x/api-reference
qdrant_020,qdrant_behavioral_003,qdrant,1.18.3,vendor-documentation,1.18,aligned,https://api.qdrant.tech/v-1-18-x/api-reference/collections/get-collection
qdrant_020,qdrant_behavioral_004,qdrant,1.18.3,vendor-documentation,1.18,aligned,https://api.qdrant.tech/v-1-18-x/api-reference
qdrant_020,qdrant_behavioral_005,qdrant,1.18.3,vendor-documentation,1.18,aligned,https://api.qdrant.tech/v-1-18-x/api-reference/points/upsert-points
qdrant_020,qdrant_behavioral_006,qdrant,1.18.3,vendor-documentation,1.18,aligned,https://api.qdrant.tech/v-1-18-x/api-reference
qdrant_020,qdrant_behavioral_007,qdrant,1.18.3,vendor-documentation,1.18,aligned,https://api.qdrant.tech/v-1-18-x/api-reference
qdrant_020,qdrant_behavioral_008,qdrant,1.18.3,vendor-documentation,1.18,aligned,https://api.qdrant.tech/v-1-18-x/api-reference/search/points
qdrant_020,qdrant_behavioral_009,qdrant,1.18.3,vendor-documentation,1.18,aligned,https://api.qdrant.tech/v-1-18-x/api-reference
qdrant_020,qdrant_behavioral_010,qdrant,1.18.3,vendor-documentation,1.18,aligned,https://api.qdrant.tech/v-1-18-x/api-reference
qdrant_020,qdrant_behavioral_011,qdrant,1.18.3,vendor-documentation,1.18,aligned,https://api.qdrant.tech/v-1-18-x/api-reference
qdrant_020,qdrant_behavioral_012,qdrant,1.18.3,vendor-documentation,1.18,aligned,https://api.qdrant.tech/v-1-18-x/api-reference
qdrant_020,qdrant_behavioral_013,qdrant,1.18.3,vendor-documentation,1.18,aligned,https://api.qdrant.tech/v-1-18-x/api-reference
qdrant_020,qdrant_range_create_collection_002,qdrant,1.18.3,vendor-documentation,1.18,aligned,https://api.qdrant.tech/v-1-18-x/api-reference/collections/create-collection
qdrant_020,qdrant_state_count_points_008,qdrant,1.18.3,vendor-documentation,1.18,aligned,https://api.qdrant.tech/v-1-18-x/api-reference
qdrant_021,qdrant_behavioral_001,qdrant,1.18.3,vendor-documentation,1.18,aligned,https://api.qdrant.tech/v-1-18-x/api-reference/collections/create-collection
qdrant_021,qdrant_behavioral_002,qdrant,1.18.3,vendor-documentation,1.18,aligned,https://api.qdrant.tech/v-1-18-x/api-reference
qdrant_021,qdrant_behavioral_003,qdrant,1.18.3,vendor-documentation,1.18,aligned,https://api.qdrant.tech/v-1-18-x/api-reference/collections/get-collection
qdrant_021,qdrant_behavioral_004,qdrant,1.18.3,vendor-documentation,1.18,aligned,https://api.qdrant.tech/v-1-18-x/api-reference
qdrant_021,qdrant_behavioral_005,qdrant,1.18.3,vendor-documentation,1.18,aligned,https://api.qdrant.tech/v-1-18-x/api-reference/points/upsert-points
qdrant_021,qdrant_behavioral_007,qdrant,1.18.3,vendor-documentation,1.18,aligned,https://api.qdrant.tech/v-1-18-x/api-reference
qdrant_021,qdrant_behavioral_010,qdrant,1.18.3,vendor-documentation,1.18,aligned,https://api.qdrant.tech/v-1-18-x/api-reference
qdrant_021,qdrant_behavioral_014,qdrant,1.18.3,vendor-documentation,1.18,aligned,https://api.qdrant.tech/v-1-18-x/api-reference
qdrant_021,qdrant_behavioral_016,qdrant,1.18.3,vendor-documentation,1.18,aligned,https://api.qdrant.tech/v-1-18-x/api-reference/points/set-payload
qdrant_021,qdrant_range_search_points_006,qdrant,1.18.3,vendor-documentation,1.18,aligned,https://api.qdrant.tech/v-1-18-x/api-reference/search/points
qdrant_021,qdrant_state_count_points_008,qdrant,1.18.3,vendor-documentation,1.18,aligned,https://api.qdrant.tech/v-1-18-x/api-reference
qdrant_021,qdrant_state_search_points_009,qdrant,1.18.3,vendor-documentation,1.18,aligned,https://api.qdrant.tech/v-1-18-x/api-reference/search/points
qdrant_021,qdrant_type_upsert_points_003,qdrant,1.18.3,vendor-documentation,1.18,aligned,https://api.qdrant.tech/v-1-18-x/api-reference/points/upsert-points
qdrant_022,qdrant_behavioral_006,qdrant,1.18.3,vendor-documentation,1.18,aligned,https://api.qdrant.tech/v-1-18-x/api-reference
qdrant_022,qdrant_behavioral_007,qdrant,1.18.3,vendor-documentation,1.18,aligned,https://api.qdrant.tech/v-1-18-x/api-reference
qdrant_022,qdrant_behavioral_010,qdrant,1.18.3,vendor-documentation,1.18,aligned,https://api.qdrant.tech/v-1-18-x/api-reference
qdrant_022,qdrant_behavioral_014,qdrant,1.18.3,vendor-documentation,1.18,aligned,https://api.qdrant.tech/v-1-18-x/api-reference
qdrant_022,qdrant_behavioral_016,qdrant,1.18.3,vendor-documentation,1.18,aligned,https://api.qdrant.tech/v-1-18-x/api-reference/points/set-payload
qdrant_022,qdrant_range_recommend_009,qdrant,1.18.3,vendor-documentation,1.18,aligned,https://api.qdrant.tech/v-1-18-x/api-reference
qdrant_022,qdrant_range_search_points_006,qdrant,1.18.3,vendor-documentation,1.18,aligned,https://api.qdrant.tech/v-1-18-x/api-reference/search/points
qdrant_022,qdrant_state_count_points_008,qdrant,1.18.3,vendor-documentation,1.18,aligned,https://api.qdrant.tech/v-1-18-x/api-reference
qdrant_022,qdrant_state_delete_points_005,qdrant,1.18.3,vendor-documentation,1.18,aligned,https://api.qdrant.tech/v-1-18-x/api-reference
qdrant_022,qdrant_state_search_points_009,qdrant,1.18.3,vendor-documentation,1.18,aligned,https://api.qdrant.tech/v-1-18-x/api-reference/search/points
qdrant_022,qdrant_state_set_payload_006,qdrant,1.18.3,vendor-documentation,1.18,aligned,https://api.qdrant.tech/v-1-18-x/api-reference/points/set-payload
qdrant_022,qdrant_type_update_collection_002,qdrant,1.18.3,vendor-documentation,1.18,aligned,https://api.qdrant.tech/v-1-18-x/api-reference
qdrant_022,qdrant_type_upsert_points_003,qdrant,1.18.3,vendor-documentation,1.18,aligned,https://api.qdrant.tech/v-1-18-x/api-reference/points/upsert-points
weaviate_005,weaviate_behavioral_index_update_001,weaviate,1.38.0,structured-spec,1.38.0,aligned,https://github.com/weaviate/weaviate/blob/v1.38.0/openapi-specs/schema.json
weaviate_005,weaviate_behavioral_schema_create_001,weaviate,1.38.0,structured-spec,1.38.0,aligned,https://github.com/weaviate/weaviate/blob/v1.38.0/openapi-specs/schema.json
weaviate_005,weaviate_behavioral_schema_create_002,weaviate,1.38.0,structured-spec,1.38.0,aligned,https://github.com/weaviate/weaviate/blob/v1.38.0/openapi-specs/schema.json
weaviate_005,weaviate_behavioral_tenants_create_001,weaviate,1.38.0,structured-spec,1.38.0,aligned,https://github.com/weaviate/weaviate/blob/v1.38.0/openapi-specs/schema.json
weaviate_005,weaviate_range_schema_replication_001,weaviate,1.38.0,structured-spec,1.38.0,aligned,https://github.com/weaviate/weaviate/blob/v1.38.0/openapi-specs/schema.json
weaviate_005,weaviate_type_schema_create_001,weaviate,1.38.0,structured-spec,1.38.0,aligned,https://github.com/weaviate/weaviate/blob/v1.38.0/openapi-specs/schema.json
weaviate_005,weaviate_type_schema_create_002,weaviate,1.38.0,structured-spec,1.38.0,aligned,https://github.com/weaviate/weaviate/blob/v1.38.0/openapi-specs/schema.json
weaviate_005,weaviate_type_schema_create_003,weaviate,1.38.0,structured-spec,1.38.0,aligned,https://github.com/weaviate/weaviate/blob/v1.38.0/openapi-specs/schema.json
weaviate_005,weaviate_type_tenants_create_001,weaviate,1.38.0,structured-spec,1.38.0,aligned,https://github.com/weaviate/weaviate/blob/v1.38.0/openapi-specs/schema.json
weaviate_006,weaviate_behavioral_schema_create_001,weaviate,1.38.0,structured-spec,1.38.0,aligned,https://github.com/weaviate/weaviate/blob/v1.38.0/openapi-specs/schema.json
weaviate_006,weaviate_behavioral_schema_create_002,weaviate,1.38.0,structured-spec,1.38.0,aligned,https://github.com/weaviate/weaviate/blob/v1.38.0/openapi-specs/schema.json
weaviate_006,weaviate_behavioral_tenants_create_001,weaviate,1.38.0,structured-spec,1.38.0,aligned,https://github.com/weaviate/weaviate/blob/v1.38.0/openapi-specs/schema.json
weaviate_006,weaviate_range_replication_scale_001,weaviate,1.38.0,structured-spec,1.38.0,aligned,https://github.com/weaviate/weaviate/blob/v1.38.0/openapi-specs/schema.json
weaviate_006,weaviate_range_schema_replication_001,weaviate,1.38.0,structured-spec,1.38.0,aligned,https://github.com/weaviate/weaviate/blob/v1.38.0/openapi-specs/schema.json
weaviate_006,weaviate_state_schema_update_001,weaviate,1.38.0,structured-spec,1.38.0,aligned,https://github.com/weaviate/weaviate/blob/v1.38.0/openapi-specs/schema.json
weaviate_006,weaviate_type_backups_create_001,weaviate,1.38.0,structured-spec,1.38.0,aligned,https://github.com/weaviate/weaviate/blob/v1.38.0/openapi-specs/schema.json
weaviate_006,weaviate_type_batch_references_001,weaviate,1.38.0,structured-spec,1.38.0,aligned,https://github.com/weaviate/weaviate/blob/v1.38.0/openapi-specs/schema.json
weaviate_006,weaviate_type_objects_create_001,weaviate,1.38.0,structured-spec,1.38.0,aligned,https://github.com/weaviate/weaviate/blob/v1.38.0/openapi-specs/schema.json
weaviate_006,weaviate_type_objects_create_002,weaviate,1.38.0,structured-spec,1.38.0,aligned,https://github.com/weaviate/weaviate/blob/v1.38.0/openapi-specs/schema.json
weaviate_006,weaviate_type_references_add_001,weaviate,1.38.0,structured-spec,1.38.0,aligned,https://github.com/weaviate/weaviate/blob/v1.38.0/openapi-specs/schema.json
weaviate_006,weaviate_type_schema_create_001,weaviate,1.38.0,structured-spec,1.38.0,aligned,https://github.com/weaviate/weaviate/blob/v1.38.0/openapi-specs/schema.json
weaviate_006,weaviate_type_schema_create_002,weaviate,1.38.0,structured-spec,1.38.0,aligned,https://github.com/weaviate/weaviate/blob/v1.38.0/openapi-specs/schema.json
weaviate_006,weaviate_type_schema_create_003,weaviate,1.38.0,structured-spec,1.38.0,aligned,https://github.com/weaviate/weaviate/blob/v1.38.0/openapi-specs/schema.json
weaviate_006,weaviate_type_tenants_create_001,weaviate,1.38.0,structured-spec,1.38.0,aligned,https://github.com/weaviate/weaviate/blob/v1.38.0/openapi-specs/schema.json
weaviate_006,weaviate_type_tenants_update_001,weaviate,1.38.0,structured-spec,1.38.0,aligned,https://github.com/weaviate/weaviate/blob/v1.38.0/openapi-specs/schema.json
weaviate_007,weaviate_behavioral_index_update_001,weaviate,1.38.0,structured-spec,1.38.0,aligned,https://github.com/weaviate/weaviate/blob/v1.38.0/openapi-specs/schema.json
weaviate_007,weaviate_behavioral_schema_create_001,weaviate,1.38.0,structured-spec,1.38.0,aligned,https://github.com/weaviate/weaviate/blob/v1.38.0/openapi-specs/schema.json
weaviate_007,weaviate_behavioral_schema_create_002,weaviate,1.38.0,structured-spec,1.38.0,aligned,https://github.com/weaviate/weaviate/blob/v1.38.0/openapi-specs/schema.json
weaviate_007,weaviate_behavioral_tenants_create_001,weaviate,1.38.0,structured-spec,1.38.0,aligned,https://github.com/weaviate/weaviate/blob/v1.38.0/openapi-specs/schema.json
weaviate_007,weaviate_range_replication_scale_001,weaviate,1.38.0,structured-spec,1.38.0,aligned,https://github.com/weaviate/weaviate/blob/v1.38.0/openapi-specs/schema.json
weaviate_007,weaviate_range_schema_replication_001,weaviate,1.38.0,structured-spec,1.38.0,aligned,https://github.com/weaviate/weaviate/blob/v1.38.0/openapi-specs/schema.json
weaviate_007,weaviate_state_index_update_001,weaviate,1.38.0,structured-spec,1.38.0,aligned,https://github.com/weaviate/weaviate/blob/v1.38.0/openapi-specs/schema.json
weaviate_007,weaviate_state_schema_delete_001,weaviate,1.38.0,structured-spec,1.38.0,aligned,https://github.com/weaviate/weaviate/blob/v1.38.0/openapi-specs/schema.json
weaviate_007,weaviate_state_schema_update_001,weaviate,1.38.0,structured-spec,1.38.0,aligned,https://github.com/weaviate/weaviate/blob/v1.38.0/openapi-specs/schema.json
weaviate_007,weaviate_state_tenants_delete_001,weaviate,1.38.0,structured-spec,1.38.0,aligned,https://github.com/weaviate/weaviate/blob/v1.38.0/openapi-specs/schema.json
weaviate_007,weaviate_type_backups_create_001,weaviate,1.38.0,structured-spec,1.38.0,aligned,https://github.com/weaviate/weaviate/blob/v1.38.0/openapi-specs/schema.json
weaviate_007,weaviate_type_batch_references_001,weaviate,1.38.0,structured-spec,1.38.0,aligned,https://github.com/weaviate/weaviate/blob/v1.38.0/openapi-specs/schema.json
weaviate_007,weaviate_type_index_update_001,weaviate,1.38.0,structured-spec,1.38.0,aligned,https://github.com/weaviate/weaviate/blob/v1.38.0/openapi-specs/schema.json
weaviate_007,weaviate_type_objects_create_001,weaviate,1.38.0,structured-spec,1.38.0,aligned,https://github.com/weaviate/weaviate/blob/v1.38.0/openapi-specs/schema.json
weaviate_007,weaviate_type_objects_create_002,weaviate,1.38.0,structured-spec,1.38.0,aligned,https://github.com/weaviate/weaviate/blob/v1.38.0/openapi-specs/schema.json
weaviate_007,weaviate_type_references_add_001,weaviate,1.38.0,structured-spec,1.38.0,aligned,https://github.com/weaviate/weaviate/blob/v1.38.0/openapi-specs/schema.json
weaviate_007,weaviate_type_schema_create_001,weaviate,1.38.0,structured-spec,1.38.0,aligned,https://github.com/weaviate/weaviate/blob/v1.38.0/openapi-specs/schema.json
weaviate_007,weaviate_type_schema_create_002,weaviate,1.38.0,structured-spec,1.38.0,aligned,https://github.com/weaviate/weaviate/blob/v1.38.0/openapi-specs/schema.json
weaviate_007,weaviate_type_schema_create_003,weaviate,1.38.0,structured-spec,1.38.0,aligned,https://github.com/weaviate/weaviate/blob/v1.38.0/openapi-specs/schema.json
weaviate_007,weaviate_type_tenants_create_001,weaviate,1.38.0,structured-spec,1.38.0,aligned,https://github.com/weaviate/weaviate/blob/v1.38.0/openapi-specs/schema.json
weaviate_007,weaviate_type_tenants_update_001,weaviate,1.38.0,structured-spec,1.38.0,aligned,https://github.com/weaviate/weaviate/blob/v1.38.0/openapi-specs/schema.json
weaviate_008,weaviate_behavioral_schema_create_001,weaviate,1.38.0,structured-spec,1.38.0,aligned,https://github.com/weaviate/weaviate/blob/v1.38.0/openapi-specs/schema.json
weaviate_008,weaviate_behavioral_schema_create_002,weaviate,1.38.0,structured-spec,1.38.0,aligned,https://github.com/weaviate/weaviate/blob/v1.38.0/openapi-specs/schema.json
weaviate_008,weaviate_behavioral_tenants_create_001,weaviate,1.38.0,structured-spec,1.38.0,aligned,https://github.com/weaviate/weaviate/blob/v1.38.0/openapi-specs/schema.json
weaviate_008,weaviate_range_replication_scale_001,weaviate,1.38.0,structured-spec,1.38.0,aligned,https://github.com/weaviate/weaviate/blob/v1.38.0/openapi-specs/schema.json
weaviate_008,weaviate_range_schema_replication_001,weaviate,1.38.0,structured-spec,1.38.0,aligned,https://github.com/weaviate/weaviate/blob/v1.38.0/openapi-specs/schema.json
weaviate_008,weaviate_state_schema_delete_001,weaviate,1.38.0,structured-spec,1.38.0,aligned,https://github.com/weaviate/weaviate/blob/v1.38.0/openapi-specs/schema.json
weaviate_008,weaviate_state_schema_update_001,weaviate,1.38.0,structured-spec,1.38.0,aligned,https://github.com/weaviate/weaviate/blob/v1.38.0/openapi-specs/schema.json
weaviate_008,weaviate_state_tenants_delete_001,weaviate,1.38.0,structured-spec,1.38.0,aligned,https://github.com/weaviate/weaviate/blob/v1.38.0/openapi-specs/schema.json
weaviate_008,weaviate_type_backups_create_001,weaviate,1.38.0,structured-spec,1.38.0,aligned,https://github.com/weaviate/weaviate/blob/v1.38.0/openapi-specs/schema.json
weaviate_008,weaviate_type_batch_references_001,weaviate,1.38.0,structured-spec,1.38.0,aligned,https://github.com/weaviate/weaviate/blob/v1.38.0/openapi-specs/schema.json
weaviate_008,weaviate_type_objects_create_001,weaviate,1.38.0,structured-spec,1.38.0,aligned,https://github.com/weaviate/weaviate/blob/v1.38.0/openapi-specs/schema.json
weaviate_008,weaviate_type_objects_create_002,weaviate,1.38.0,structured-spec,1.38.0,aligned,https://github.com/weaviate/weaviate/blob/v1.38.0/openapi-specs/schema.json
weaviate_008,weaviate_type_references_add_001,weaviate,1.38.0,structured-spec,1.38.0,aligned,https://github.com/weaviate/weaviate/blob/v1.38.0/openapi-specs/schema.json
weaviate_008,weaviate_type_schema_create_001,weaviate,1.38.0,structured-spec,1.38.0,aligned,https://github.com/weaviate/weaviate/blob/v1.38.0/openapi-specs/schema.json
weaviate_008,weaviate_type_schema_create_002,weaviate,1.38.0,structured-spec,1.38.0,aligned,https://github.com/weaviate/weaviate/blob/v1.38.0/openapi-specs/schema.json
weaviate_008,weaviate_type_schema_create_003,weaviate,1.38.0,structured-spec,1.38.0,aligned,https://github.com/weaviate/weaviate/blob/v1.38.0/openapi-specs/schema.json
weaviate_008,weaviate_type_tenants_create_001,weaviate,1.38.0,structured-spec,1.38.0,aligned,https://github.com/weaviate/weaviate/blob/v1.38.0/openapi-specs/schema.json
weaviate_008,weaviate_type_tenants_update_001,weaviate,1.38.0,structured-spec,1.38.0,aligned,https://github.com/weaviate/weaviate/blob/v1.38.0/openapi-specs/schema.json
weaviate_009,weaviate_behavioral_batch_reject_partial_001,weaviate,1.38.2,structured-spec,1.38.0,aligned,https://github.com/weaviate/weaviate/blob/v1.38.0/openapi-specs/schema.json
weaviate_009,weaviate_behavioral_objects_create_001,weaviate,1.38.2,structured-spec,1.38.0,aligned,https://github.com/weaviate/weaviate/blob/v1.38.0/openapi-specs/schema.json
weaviate_009,weaviate_behavioral_objects_create_002,weaviate,1.38.2,structured-spec,1.38.0,aligned,https://github.com/weaviate/weaviate/blob/v1.38.0/openapi-specs/schema.json
weaviate_009,weaviate_behavioral_post_object_exists_001,weaviate,1.38.2,structured-spec,1.38.0,aligned,https://github.com/weaviate/weaviate/blob/v1.38.0/openapi-specs/schema.json
weaviate_009,weaviate_range_batch_delete_001,weaviate,1.38.2,structured-spec,1.38.0,aligned,https://github.com/weaviate/weaviate/blob/v1.38.0/openapi-specs/schema.json
weaviate_009,weaviate_range_objects_list_001,weaviate,1.38.2,structured-spec,1.38.0,aligned,https://github.com/weaviate/weaviate/blob/v1.38.0/openapi-specs/schema.json
weaviate_009,weaviate_range_replication_scale_001,weaviate,1.38.2,structured-spec,1.38.0,aligned,https://github.com/weaviate/weaviate/blob/v1.38.0/openapi-specs/schema.json
weaviate_009,weaviate_range_schema_replication_001,weaviate,1.38.2,structured-spec,1.38.0,aligned,https://github.com/weaviate/weaviate/blob/v1.38.0/openapi-specs/schema.json
weaviate_009,weaviate_state_batch_idempotent_001,weaviate,1.38.2,structured-spec,1.38.0,aligned,https://github.com/weaviate/weaviate/blob/v1.38.0/openapi-specs/schema.json
weaviate_009,weaviate_state_batch_objects_001,weaviate,1.38.2,structured-spec,1.38.0,aligned,https://github.com/weaviate/weaviate/blob/v1.38.0/openapi-specs/schema.json
weaviate_009,weaviate_state_batch_reject_all_001,weaviate,1.38.2,structured-spec,1.38.0,aligned,https://github.com/weaviate/weaviate/blob/v1.38.0/openapi-specs/schema.json
weaviate_009,weaviate_state_objects_create_001,weaviate,1.38.2,structured-spec,1.38.0,aligned,https://github.com/weaviate/weaviate/blob/v1.38.0/openapi-specs/schema.json
weaviate_009,weaviate_state_objects_list_001,weaviate,1.38.2,structured-spec,1.38.0,aligned,https://github.com/weaviate/weaviate/blob/v1.38.0/openapi-specs/schema.json
weaviate_009,weaviate_state_schema_delete_001,weaviate,1.38.2,structured-spec,1.38.0,aligned,https://github.com/weaviate/weaviate/blob/v1.38.0/openapi-specs/schema.json
weaviate_009,weaviate_type_object_id_001,weaviate,1.38.2,structured-spec,1.38.0,aligned,https://github.com/weaviate/weaviate/blob/v1.38.0/openapi-specs/schema.json
weaviate_009,weaviate_type_object_vector_001,weaviate,1.38.2,structured-spec,1.38.0,aligned,https://github.com/weaviate/weaviate/blob/v1.38.0/openapi-specs/schema.json
weaviate_009,weaviate_type_objects_create_001,weaviate,1.38.2,structured-spec,1.38.0,aligned,https://github.com/weaviate/weaviate/blob/v1.38.0/openapi-specs/schema.json
weaviate_009,weaviate_type_objects_create_002,weaviate,1.38.2,structured-spec,1.38.0,aligned,https://github.com/weaviate/weaviate/blob/v1.38.0/openapi-specs/schema.json
weaviate_009,weaviate_type_references_add_001,weaviate,1.38.2,structured-spec,1.38.0,aligned,https://github.com/weaviate/weaviate/blob/v1.38.0/openapi-specs/schema.json
weaviate_010,weaviate_range_batch_delete_001,weaviate,1.38.2,structured-spec,1.38.0,aligned,https://github.com/weaviate/weaviate/blob/v1.38.0/openapi-specs/schema.json
weaviate_010,weaviate_range_replication_scale_001,weaviate,1.38.2,structured-spec,1.38.0,aligned,https://github.com/weaviate/weaviate/blob/v1.38.0/openapi-specs/schema.json
weaviate_010,weaviate_range_schema_replication_001,weaviate,1.38.2,structured-spec,1.38.0,aligned,https://github.com/weaviate/weaviate/blob/v1.38.0/openapi-specs/schema.json
weaviate_010,weaviate_state_schema_update_001,weaviate,1.38.2,structured-spec,1.38.0,aligned,https://github.com/weaviate/weaviate/blob/v1.38.0/openapi-specs/schema.json
weaviate_010,weaviate_type_backups_create_001,weaviate,1.38.2,structured-spec,1.38.0,aligned,https://github.com/weaviate/weaviate/blob/v1.38.0/openapi-specs/schema.json
weaviate_010,weaviate_type_batch_references_001,weaviate,1.38.2,structured-spec,1.38.0,aligned,https://github.com/weaviate/weaviate/blob/v1.38.0/openapi-specs/schema.json
weaviate_010,weaviate_type_namespaces_create_001,weaviate,1.38.2,structured-spec,1.38.0,aligned,https://github.com/weaviate/weaviate/blob/v1.38.0/openapi-specs/schema.json
weaviate_010,weaviate_type_objects_create_001,weaviate,1.38.2,structured-spec,1.38.0,aligned,https://github.com/weaviate/weaviate/blob/v1.38.0/openapi-specs/schema.json
weaviate_010,weaviate_type_objects_create_002,weaviate,1.38.2,structured-spec,1.38.0,aligned,https://github.com/weaviate/weaviate/blob/v1.38.0/openapi-specs/schema.json
weaviate_010,weaviate_type_references_add_001,weaviate,1.38.2,structured-spec,1.38.0,aligned,https://github.com/weaviate/weaviate/blob/v1.38.0/openapi-specs/schema.json
weaviate_010,weaviate_type_schema_create_001,weaviate,1.38.2,structured-spec,1.38.0,aligned,https://github.com/weaviate/weaviate/blob/v1.38.0/openapi-specs/schema.json
weaviate_010,weaviate_type_schema_create_002,weaviate,1.38.2,structured-spec,1.38.0,aligned,https://github.com/weaviate/weaviate/blob/v1.38.0/openapi-specs/schema.json
weaviate_010,weaviate_type_schema_create_003,weaviate,1.38.2,structured-spec,1.38.0,aligned,https://github.com/weaviate/weaviate/blob/v1.38.0/openapi-specs/schema.json
milvus_008,milvus_metric_cosine_range_001,milvus,2.6.12,doc-markdown-raw,,page-unversioned,https://raw.githubusercontent.com/milvus-io/milvus-docs/ebb6de53/site/en/userGuide/search-query-get/metric.md
milvus_035,milvus_assert_insert_success_001,milvus,3.0.0,vendor-documentation,,page-unversioned,https://milvus.io/docs/schema.md
milvus_035,milvus_behavioral_insert_then_get_001,milvus,3.0.0,vendor-documentation,,page-unversioned,https://milvus.io/docs/insert-update.md
milvus_035,milvus_state_insert_collection_001,milvus,3.0.0,vendor-documentation,,page-unversioned,https://milvus.io/docs/schema.md
milvus_036,milvus_assert_search_empty_001,milvus,3.0.0,vendor-documentation,,page-unversioned,https://milvus.io/docs/single-vector-search.md
milvus_036,milvus_range_hnsw_ef_001,milvus,3.0.0,vendor-documentation,,page-unversioned,https://milvus.io/docs/index.md
milvus_036,milvus_range_ivf_flat_nprobe_001,milvus,3.0.0,vendor-documentation,,page-unversioned,https://milvus.io/docs/index.md
milvus_036,milvus_range_ivf_nprobe_001,milvus,3.0.0,vendor-documentation,,page-unversioned,https://milvus.io/docs/index.md
milvus_036,milvus_range_ivf_pq_nprobe_001,milvus,3.0.0,vendor-documentation,,page-unversioned,https://milvus.io/docs/index.md
milvus_036,milvus_range_ivf_sq8_nprobe_001,milvus,3.0.0,vendor-documentation,,page-unversioned,https://milvus.io/docs/index.md
milvus_036,milvus_range_scann_nprobe_001,milvus,3.0.0,vendor-documentation,,page-unversioned,https://milvus.io/docs/index.md
milvus_036,milvus_state_search_load_001,milvus,3.0.0,vendor-documentation,,page-unversioned,https://milvus.io/docs/single-vector-search.md
milvus_036,milvus_state_search_requires_load_001,milvus,3.0.0,vendor-documentation,,page-unversioned,https://milvus.io/docs/single-vector-search.md
milvus_037,milvus_assert_insert_success_001,milvus,3.0.0,vendor-documentation,,page-unversioned,https://milvus.io/docs/schema.md
milvus_037,milvus_behavioral_insert_then_get_001,milvus,3.0.0,vendor-documentation,,page-unversioned,https://milvus.io/docs/insert-update.md
milvus_037,milvus_state_insert_collection_001,milvus,3.0.0,vendor-documentation,,page-unversioned,https://milvus.io/docs/schema.md
milvus_038,milvus_assert_search_empty_001,milvus,3.0.0,vendor-documentation,,page-unversioned,https://milvus.io/docs/single-vector-search.md
milvus_038,milvus_range_hnsw_ef_001,milvus,3.0.0,vendor-documentation,,page-unversioned,https://milvus.io/docs/index.md
milvus_038,milvus_range_ivf_flat_nprobe_001,milvus,3.0.0,vendor-documentation,,page-unversioned,https://milvus.io/docs/index.md
milvus_038,milvus_range_ivf_nprobe_001,milvus,3.0.0,vendor-documentation,,page-unversioned,https://milvus.io/docs/index.md
milvus_038,milvus_range_ivf_pq_nprobe_001,milvus,3.0.0,vendor-documentation,,page-unversioned,https://milvus.io/docs/index.md
milvus_038,milvus_range_ivf_sq8_nprobe_001,milvus,3.0.0,vendor-documentation,,page-unversioned,https://milvus.io/docs/index.md
milvus_038,milvus_range_scann_nprobe_001,milvus,3.0.0,vendor-documentation,,page-unversioned,https://milvus.io/docs/index.md
milvus_038,milvus_state_group_by_field_001,milvus,3.0.0,doc-markdown-raw,,page-unversioned,https://raw.githubusercontent.com/milvus-io/milvus-docs/99af7351/site/en/userGuide/search-query-get/grouping-search.md
milvus_038,milvus_state_search_load_001,milvus,3.0.0,vendor-documentation,,page-unversioned,https://milvus.io/docs/single-vector-search.md
milvus_038,milvus_state_search_requires_load_001,milvus,3.0.0,vendor-documentation,,page-unversioned,https://milvus.io/docs/single-vector-search.md
milvus_040,milvus_assert_insert_success_001,milvus,3.0.0,vendor-documentation,,page-unversioned,https://milvus.io/docs/schema.md
milvus_040,milvus_behavioral_insert_then_get_001,milvus,3.0.0,vendor-documentation,,page-unversioned,https://milvus.io/docs/insert-update.md
milvus_040,milvus_state_insert_collection_001,milvus,3.0.0,vendor-documentation,,page-unversioned,https://milvus.io/docs/schema.md
milvus_042,milvus_assert_insert_success_001,milvus,3.0.0,vendor-documentation,,page-unversioned,https://milvus.io/docs/schema.md
milvus_042,milvus_behavioral_insert_then_get_001,milvus,3.0.0,vendor-documentation,,page-unversioned,https://milvus.io/docs/insert-update.md
milvus_042,milvus_state_insert_collection_001,milvus,3.0.0,vendor-documentation,,page-unversioned,https://milvus.io/docs/schema.md
milvus_043,milvus_assert_search_empty_001,milvus,3.0.0,vendor-documentation,,page-unversioned,https://milvus.io/docs/single-vector-search.md
milvus_043,milvus_range_hnsw_ef_001,milvus,3.0.0,vendor-documentation,,page-unversioned,https://milvus.io/docs/index.md
milvus_043,milvus_range_ivf_flat_nprobe_001,milvus,3.0.0,vendor-documentation,,page-unversioned,https://milvus.io/docs/index.md
milvus_043,milvus_range_ivf_nprobe_001,milvus,3.0.0,vendor-documentation,,page-unversioned,https://milvus.io/docs/index.md
milvus_043,milvus_range_ivf_pq_nprobe_001,milvus,3.0.0,vendor-documentation,,page-unversioned,https://milvus.io/docs/index.md
milvus_043,milvus_range_ivf_sq8_nprobe_001,milvus,3.0.0,vendor-documentation,,page-unversioned,https://milvus.io/docs/index.md
milvus_043,milvus_range_scann_nprobe_001,milvus,3.0.0,vendor-documentation,,page-unversioned,https://milvus.io/docs/index.md
milvus_043,milvus_state_search_load_001,milvus,3.0.0,vendor-documentation,,page-unversioned,https://milvus.io/docs/single-vector-search.md
milvus_043,milvus_state_search_requires_load_001,milvus,3.0.0,vendor-documentation,,page-unversioned,https://milvus.io/docs/single-vector-search.md
weaviate_001,weaviate_type_graphql_001,weaviate,1.37.4,vendor-documentation,,page-unversioned,https://weaviate.io/developers/weaviate/api/graphql
weaviate_002,weaviate_type_graphql_001,weaviate,1.37.4,vendor-documentation,,page-unversioned,https://weaviate.io/developers/weaviate/api/graphql
weaviate_003,weaviate_type_graphql_001,weaviate,1.37.4,vendor-documentation,,page-unversioned,https://weaviate.io/developers/weaviate/api/graphql
weaviate_004,weaviate_type_graphql_001,weaviate,1.37.4,vendor-documentation,,page-unversioned,https://weaviate.io/developers/weaviate/api/graphql
weaviate_006,weaviate_type_graphql_001,weaviate,1.38.0,vendor-documentation,,page-unversioned,https://weaviate.io/developers/weaviate/api/graphql
weaviate_007,weaviate_type_graphql_001,weaviate,1.38.0,vendor-documentation,,page-unversioned,https://weaviate.io/developers/weaviate/api/graphql
weaviate_008,weaviate_type_graphql_001,weaviate,1.38.0,vendor-documentation,,page-unversioned,https://weaviate.io/developers/weaviate/api/graphql
weaviate_010,weaviate_type_graphql_001,weaviate,1.38.2,vendor-documentation,,page-unversioned,https://weaviate.io/developers/weaviate/api/graphql
